"Time","Agg_gdp","Agg_pce","GS1","ebp","gz_spread","MP_brw","MP_jk","CBI_jk","MP_bs","lgdp","lpce","gdp_growth","inflation","d_GS1","gdp_growth_L1","gdp_growth_L2","gdp_growth_L3","gdp_growth_L4","inflation_L1","inflation_L2","inflation_L3","inflation_L4"
1992-01-01,10168.5073155824,63.641,4.15,0.0537258229045052,1.27945362112547,0,0,0,0,9.22705070497462,4.15325791673394,NA,NA,NA,NA,NA,NA,NA,NA,NA,NA,NA
1992-02-01,10216.0391204791,63.814,4.29,0.102915180642386,1.24289986244098,0,0.00014434,0.00442745,0.0331753962966759,9.23171422703933,4.15597260201492,0.00466352206471399,0.00271468528098318,0.14,NA,NA,NA,NA,NA,NA,NA,NA
1992-03-01,10322.8881390535,63.973,4.63,0.0463022569245701,1.16990831039096,0,0,0,0,9.2421188583179,4.15846111934538,0.0104046312785702,0.0024885173304563,0.34,0.00466352206471399,NA,NA,NA,0.00271468528098318,NA,NA,NA
1992-04-01,10314.5939920123,64.183,4.3,0.0382885792647873,1.17550978422313,0,-0.16561977,-0.09331549,-0.193195643146561,9.2413150638012,4.16173837812308,-0.000803794516704315,0.00327725877769947,-0.33,0.0104046312785702,0.00466352206471399,NA,NA,0.0024885173304563,0.00271468528098318,NA,NA
1992-05-01,10285.8796871218,64.273,4.19,0.00534806929986841,1.18438206791408,0,0.00903088,0.00335081,0.0401420546806436,9.23852732950598,4.16313963637067,-0.00278773429521628,0.00140125824759263,-0.109999999999999,-0.000803794516704315,0.0104046312785702,0.00466352206471399,NA,0.00327725877769947,0.0024885173304563,0.00271468528098318,NA
1992-06-01,10439.8668921894,64.323,4.17,0.00405380192978355,1.17271697862683,0,0,0,0,9.25338711156506,4.16391726557406,0.0148597820590801,0.000777629203390973,-0.0200000000000005,-0.00278773429521628,-0.000803794516704315,0.0104046312785702,0.00466352206471399,0.00140125824759263,0.00327725877769947,0.0024885173304563,0.00271468528098318
1992-07-01,10452.6003279417,64.566,3.6,-0.0634255113593245,1.23504083692939,0,-0.04928975,-0.02292631,0.0524009702145686,9.25460606164834,4.16768795644631,0.0012189500832811,0.00377069087224946,-0.57,0.0148597820590801,-0.00278773429521628,-0.000803794516704315,0.0104046312785702,0.000777629203390973,0.00140125824759263,0.00327725877769947,0.0024885173304563
1992-08-01,10425.7702362125,64.625,3.47,0.0818532406677321,1.37994843016658,0,0.00108087,0.00417639,0.00643756762014898,9.25203592750729,4.16860133282859,-0.00257013414105423,0.000913376382282394,-0.13,0.0012189500832811,0.0148597820590801,-0.00278773429521628,-0.000803794516704315,0.00377069087224946,0.000777629203390973,0.00140125824759263,0.00327725877769947
1992-09-01,10468.7364231748,64.73,3.18,0.18045587696983,1.50022509739488,0,-0.00173233,-0.00258281,0.00522022277179058,9.25614861111587,4.17022477255742,0.00411268360858053,0.00162343972882617,-0.29,-0.00257013414105423,0.0012189500832811,0.0148597820590801,-0.00278773429521628,0.000913376382282394,0.00377069087224946,0.000777629203390973,0.00140125824759263
1992-10-01,10525.1446288974,64.979,3.3,0.110121316405894,1.39390245839646,0,0.01279864,-0.0101156,0.0287834920181087,9.26152239991911,4.17406414077197,0.0053737888032348,0.00383936821454878,0.12,0.00411268360858053,-0.00257013414105423,0.0012189500832811,0.0148597820590801,0.00162343972882617,0.000913376382282394,0.00377069087224946,0.000777629203390973
1992-11-01,10549.4057005235,65.121,3.68,0.0716767877735611,1.26452661617008,0,-0.0158429,0.00665733,0.0292055411528059,9.26382480561359,4.17624707784173,0.00230240569448448,0.00218293706976702,0.38,0.0053737888032348,0.00411268360858053,-0.00257013414105423,0.0012189500832811,0.00383936821454878,0.00162343972882617,0.000913376382282394,0.00377069087224946
1992-12-01,10599.3502484239,65.242,3.71,0.105938212259438,1.32950451156373,0,-0.0002423,-0.00937157,0.00839732069911889,9.2685479809029,4.17810343332217,0.00472317528931221,0.00185635548043095,0.0299999999999998,0.00230240569448448,0.0053737888032348,0.00411268360858053,-0.00257013414105423,0.00218293706976702,0.00383936821454878,0.00162343972882617,0.000913376382282394
1993-01-01,10558.1390084228,65.432,3.5,0.0695431590676057,1.35595164187479,0,0,0,0,9.26465231146688,4.18101143543267,-0.00389566943601949,0.00290800211050701,-0.21,0.00472317528931221,0.00230240569448448,0.0053737888032348,0.00411268360858053,0.00185635548043095,0.00218293706976702,0.00383936821454878,0.00162343972882617
1993-02-01,10588.8975603796,65.557,3.39,0.0631562008312603,1.39654322853689,0,-0.00093416,-0.00700338,0.00053878043387439,9.26756133122931,4.18291999321911,0.00290901976242885,0.00190855778643506,-0.11,-0.00389566943601949,0.00472317528931221,0.00230240569448448,0.0053737888032348,0.00290800211050701,0.00185635548043095,0.00218293706976702,0.00383936821454878
1993-03-01,10579.737562186,65.7,3.33,0.0344850488938029,1.34546212833007,0,0.00941836,-0.00056493,-0.00304459485962318,9.26669590001825,4.18509892549057,-0.000865431211060752,0.00217893227145716,-0.0600000000000001,0.00290901976242885,-0.00389566943601949,0.00472317528931221,0.00230240569448448,0.00190855778643506,0.00290800211050701,0.00185635548043095,0.00218293706976702
1993-04-01,10593.2157845709,65.891,3.24,0.0672830790286811,1.39358570241072,0,0,0,0,9.26796905487622,4.1880018616204,0.00127315485796942,0.00290293612983117,-0.0899999999999999,-0.000865431211060752,0.00290901976242885,-0.00389566943601949,0.00472317528931221,0.00217893227145716,0.00190855778643506,0.00290800211050701,0.00185635548043095
1993-05-01,10647.5060312471,66.114,3.36,0.0368729556163598,1.30546619549468,0,-0.0217487,-0.00208021,-0.0162925108820293,9.27308096824446,4.1913805247337,0.00511191336823913,0.00337866311329904,0.12,0.00127315485796942,-0.000865431211060752,0.00290901976242885,-0.00389566943601949,0.00290293612983117,0.00217893227145716,0.00190855778643506,0.00290800211050701
1993-06-01,10670.723016743,66.177,3.54,-0.0305305085829854,1.2981601902813,0,0,0,0,9.27525910364423,4.1923329705503,0.00217813539976675,0.000952445816609249,0.18,0.00511191336823913,0.00127315485796942,-0.000865431211060752,0.00290901976242885,0.00337866311329904,0.00290293612983117,0.00217893227145716,0.00190855778643506
1993-07-01,10632.1179939817,66.314,3.47,-0.0375071595314551,1.27218594372502,0,-0.01749569,0.01968495,-0.0182876389097153,9.2716346983358,4.19440103628802,-0.00362440530842889,0.00206806573771612,-0.0699999999999998,0.00217813539976675,0.00511191336823913,0.00127315485796942,-0.000865431211060752,0.000952445816609249,0.00337866311329904,0.00290293612983117,0.00217893227145716
1993-08-01,10675.4025637242,66.438,3.44,-0.0375929815739506,1.36252850719777,0,0.00470851,-0.00202547,-0.00310391214359815,9.2756975482733,4.19626918194403,0.00406284993750283,0.00186814565600546,-0.0300000000000002,-0.00362440530842889,0.00217813539976675,0.00511191336823913,0.00127315485796942,0.00206806573771612,0.000952445816609249,0.00337866311329904,0.00290293612983117
1993-09-01,10756.1674931396,66.538,3.36,0.0529935687120815,1.3998979187339,0,0.00145631,0.00171653,-0.00498813940070303,9.2832345893333,4.1977732130301,0.00753704105999908,0.00150403108607478,-0.0800000000000001,0.00406284993750283,-0.00362440530842889,0.00217813539976675,0.00511191336823913,0.00186814565600546,0.00206806573771612,0.000952445816609249,0.00337866311329904
1993-10-01,10749.0514005359,66.647,3.39,-0.021984657661289,1.33674484883588,0,0,0,0,9.28257278785166,4.19941003435887,-0.000661801481641078,0.00163682132876719,0.0300000000000002,0.00753704105999908,0.00406284993750283,-0.00362440530842889,0.00217813539976675,0.00150403108607478,0.00186814565600546,0.00206806573771612,0.000952445816609249
1993-11-01,10861.3314346468,66.819,3.58,-0.116890046919787,1.25448809009966,0,-0.0032126,0.00237165,-0.00329356951867111,9.29296418584857,4.20198747123746,0.0103913979969139,0.00257743687858891,0.19,-0.000661801481641078,0.00753704105999908,0.00406284993750283,-0.00362440530842889,0.00163682132876719,0.00150403108607478,0.00186814565600546,0.00206806573771612
1993-12-01,10889.468534371,66.849,3.61,-0.154681692309642,1.22507513991345,0,-0.01121161,-0.00917829,-0.00434251918229292,9.29555141164803,4.20243634457294,0.0025872257994628,0.000448873335484379,0.0299999999999998,0.0103913979969139,-0.000661801481641078,0.00753704105999908,0.00406284993750283,0.00257743687858891,0.00163682132876719,0.00150403108607478,0.00186814565600546
1994-01-01,10878.2316522664,66.902,3.54,-0.230793191193942,1.18684313879281,0,0,0,0,9.29451897523937,4.20322886205354,-0.00103243640866069,0.000792517480602051,-0.0699999999999998,0.0025872257994628,0.0103913979969139,-0.000661801481641078,0.00753704105999908,0.000448873335484379,0.00257743687858891,0.00163682132876719,0.00150403108607478
1994-02-01,10940.7377996333,67.047,3.87,-0.424410532582893,1.09688007136287,0.1048625,0.10463575,0.02880893,0.136941397236733,9.30024851425345,4.2053938659974,0.00572953901407658,0.00216500394385211,0.33,-0.00103243640866069,0.0025872257994628,0.0103913979969139,-0.000661801481641078,0.000792517480602051,0.000448873335484379,0.00257743687858891,0.00163682132876719
1994-03-01,10996.2903569835,67.275,4.32,-0.309042683245148,1.17559185132968,-0.0243272,-0.03299444,0.0020334,-0.064297202820941,9.30531325462799,4.20878869661297,0.00506474037454119,0.00339483061557377,0.45,0.00572953901407658,-0.00103243640866069,0.0025872257994628,0.0103913979969139,0.00216500394385211,0.000792517480602051,0.000448873335484379,0.00257743687858891
1994-04-01,11011.9183523601,67.376,4.82,-0.267477348292338,1.18798498296689,0,0.10504017,0.02445472,0.09507735450692,9.30673345181076,4.21028887141957,0.00142019718276387,0.00150017480660303,0.5,0.00506474037454119,0.00572953901407658,-0.00103243640866069,0.0025872257994628,0.00339483061557377,0.00216500394385211,0.000792517480602051,0.000448873335484379
1994-05-01,11121.5505977027,67.526,5.31,-0.273057285857466,1.21136745608721,-0.0110494,-0.03800339,0.02376404,-0.0640760951327654,9.31664000032286,4.2125127088989,0.00990654851210415,0.00222383747932753,0.489999999999999,0.00142019718276387,0.00506474037454119,0.00572953901407658,-0.00103243640866069,0.00150017480660303,0.00339483061557377,0.00216500394385211,0.000792517480602051
1994-06-01,11126.4307520798,67.676,5.27,-0.318146177954723,1.17484657686521,0,0,0,0,9.3170787056938,4.21473161189655,0.00043870537094115,0.00221890299765004,-0.04,0.00990654851210415,0.00142019718276387,0.00506474037454119,0.00572953901407658,0.00222383747932753,0.00150017480660303,0.00339483061557377,0.00216500394385211
1994-07-01,11113.2796255996,67.818,5.48,-0.292195576479726,1.16968390160101,-0.0159146,0.00556632,-0.02145479,-0.0305430934479673,9.31589603489551,4.21682764643665,-0.00118267079829337,0.00209603454009955,0.210000000000001,0.00043870537094115,0.00990654851210415,0.00142019718276387,0.00506474037454119,0.00221890299765004,0.00222383747932753,0.00150017480660303,0.00339483061557377
1994-08-01,11194.0627897187,67.894,5.56,-0.261332823788987,1.14772567129567,0.0287541,0.00316746,0.03357152,-0.000507277891557807,9.3231388086654,4.21794766541721,0.00724277376989413,0.00112001898055869,0.0799999999999992,-0.00118267079829337,0.00043870537094115,0.00990654851210415,0.00142019718276387,0.00209603454009955,0.00221890299765004,0.00222383747932753,0.00150017480660303
1994-09-01,11147.125718978,67.997,5.76,-0.385350215685267,1.13279079195447,-0.037393,-0.00558017,-0.02584954,-0.0353611474735535,9.3189369606052,4.21946358655584,-0.00420184806019819,0.00151592113862797,0.2,0.00724277376989413,-0.00118267079829337,0.00043870537094115,0.00990654851210415,0.00112001898055869,0.00209603454009955,0.00221890299765004,0.00222383747932753
1994-10-01,11250.2362487578,68.157,6.11,-0.302564045521449,1.15002978737294,0,0,0,0,9.32814440730165,4.2218138674679,0.00920744669645046,0.00235028091206857,0.350000000000001,-0.00420184806019819,0.00724277376989413,-0.00118267079829337,0.00043870537094115,0.00151592113862797,0.00112001898055869,0.00209603454009955,0.00221890299765004
1994-11-01,11238.144822761,68.282,6.54,-0.227730471512234,1.2195514050219,0.0446075,0.0585706,0.00547349,0.0268680875871439,9.32706905846942,4.22364618865133,-0.00107534883222904,0.00183232118342946,0.43,0.00920744669645046,-0.00420184806019819,0.00724277376989413,-0.00118267079829337,0.00235028091206857,0.00151592113862797,0.00112001898055869,0.00209603454009955
1994-12-01,11349.8472644384,68.305,7.14,-0.176585442355372,1.24558866791471,-0.0472438,-0.03071552,-0.01831211,-0.0195956929137076,9.33695956594133,4.22398297033945,0.0098905074719049,0.000336781688116794,0.6,-0.00107534883222904,0.00920744669645046,-0.00420184806019819,0.00724277376989413,0.00183232118342946,0.00235028091206857,0.00151592113862797,0.00112001898055869
1995-01-01,11346.0129252616,68.475,7.05,-0.220402261441945,1.23762040919012,0,0,0,0,9.33662167707691,4.22646871514914,-0.000337888864420322,0.00248574480969044,-0.0899999999999999,0.0098905074719049,-0.00107534883222904,0.00920744669645046,-0.00420184806019819,0.000336781688116794,0.00183232118342946,0.00235028091206857,0.00151592113862797
1995-02-01,11257.0212713216,68.587,6.7,-0.252248820327057,1.2088059775582,0.0146063,0.04210783,0.0120184,0.0293365822955604,9.32874732596141,4.22810301240044,-0.00787435111550394,0.00163429725129749,-0.35,-0.000337888864420322,0.0098905074719049,-0.00107534883222904,0.00920744669645046,0.00248574480969044,0.000336781688116794,0.00183232118342946,0.00235028091206857
1995-03-01,11355.739371372,68.755,6.43,-0.261371174310317,1.20786505076051,0.0272917,0.01810362,-0.00024363,-0.0160130490669297,9.33747856658733,4.23054946117491,0.0087312406259219,0.00244644877446909,-0.27,-0.00787435111550394,-0.000337888864420322,0.0098905074719049,-0.00107534883222904,0.00163429725129749,0.00248574480969044,0.000336781688116794,0.00183232118342946
1995-04-01,11290.2520399489,68.915,6.27,-0.200929840706745,1.18347700031348,0,0,0,0,9.33169498107069,4.2328738611464,-0.00578358551663527,0.00232439997149392,-0.16,0.0087312406259219,-0.00787435111550394,-0.000337888864420322,0.0098905074719049,0.00244644877446909,0.00163429725129749,0.00248574480969044,0.000336781688116794
1995-05-01,11326.7972755583,69.032,6,-0.289520049650739,1.28130104545867,-0.0282294,-0.0023723,-0.00732727,-0.0351157358476419,9.3349266375883,4.23457016520601,0.00323165651760426,0.00169630405960408,-0.27,-0.00578358551663527,0.0087312406259219,-0.00787435111550394,-0.000337888864420322,0.00232439997149392,0.00244644877446909,0.00163429725129749,0.00248574480969044
1995-06-01,11443.5712338754,69.092,5.64,-0.104328594162151,1.30723083269197,0,0,0,0,9.34518338701193,4.23543894983104,0.0102567494236325,0.000868784625032148,-0.36,0.00323165651760426,-0.00578358551663527,0.0087312406259219,-0.00787435111550394,0.00169630405960408,0.00232439997149392,0.00244644877446909,0.00163429725129749
1995-07-01,11377.5931143344,69.201,5.59,-0.275158190363895,1.22470005784504,-0.0835745,-0.13808682,-0.10268402,-0.261505999311494,9.33940118393416,4.23701531338626,-0.00578220307776789,0.00157636355522506,-0.0499999999999998,0.0102567494236325,0.00323165651760426,-0.00578358551663527,0.0087312406259219,0.000868784625032148,0.00169630405960408,0.00232439997149392,0.00244644877446909
1995-08-01,11445.8964922305,69.367,5.75,-0.167508474157743,1.24379972074846,0.015536,0.03173523,0.01012567,0.0558369983697974,9.34538655978911,4.23941125010196,0.00598537585495329,0.00239593671569782,0.16,-0.00578220307776789,0.0102567494236325,0.00323165651760426,-0.00578358551663527,0.00157636355522506,0.000868784625032148,0.00169630405960408,0.00232439997149392
1995-09-01,11527.0696383605,69.458,5.62,-0.125322017629702,1.23997939887506,0.0239104,0.0401324,0.02104351,0.0712676347091816,9.35245342990839,4.24072225335114,0.0070668701192762,0.00131100324917988,-0.13,0.00598537585495329,-0.00578220307776789,0.0102567494236325,0.00323165651760426,0.00239593671569782,0.00157636355522506,0.000868784625032148,0.00169630405960408
1995-10-01,11491.2752731507,69.627,5.59,-0.0885023183410958,1.31357412963649,0,0,0,0,9.34934335451423,4.24315242314907,-0.0031100753941562,0.00243016979792632,-0.0300000000000002,0.0070668701192762,0.00598537585495329,-0.00578220307776789,0.0102567494236325,0.00131100324917988,0.00239593671569782,0.00157636355522506,0.000868784625032148
1995-11-01,11496.5171413922,69.672,5.43,-0.00566530004824117,1.35851293155479,0.0318585,0.01556062,0.00833221,0.0267332078196493,9.34979941121057,4.24379851539044,0.000456056696339857,0.000646092241371576,-0.16,-0.0031100753941562,0.0070668701192762,0.00598537585495329,-0.00578220307776789,0.00243016979792632,0.00131100324917988,0.00239593671569782,0.00157636355522506
1995-12-01,11596.7504897159,69.77,5.31,-0.0184995092767568,1.37210911750829,-0.0251427,-0.04169659,-0.01128661,-0.0360497859703975,9.35848020765376,4.24520411795115,0.00868079644318343,0.00140560256070632,-0.12,0.000456056696339857,-0.0031100753941562,0.0070668701192762,0.00598537585495329,0.000646092241371576,0.00243016979792632,0.00131100324917988,0.00239593671569782
1996-01-01,11577.9362023628,69.849,5.09,-0.066010990024705,1.35358917108961,-0.0454574,-0.02514787,-0.01859368,-0.0438779751368969,9.35685651437699,4.24633576920822,-0.00162369327676792,0.00113165125707582,-0.22,0.00868079644318343,0.000456056696339857,-0.0031100753941562,0.0070668701192762,0.00140560256070632,0.000646092241371576,0.00243016979792632,0.00131100324917988
1996-02-01,11591.452531342,69.94,4.94,-0.277694894794255,1.26601266646665,0,0,0,0,9.35802325474013,4.24763773163523,0.00116674036314457,0.00130196242700897,-0.149999999999999,-0.00162369327676792,0.00868079644318343,0.000456056696339857,-0.0031100753941562,0.00113165125707582,0.00140560256070632,0.000646092241371576,0.00243016979792632
1996-03-01,11675.177076782,70.102,5.34,-0.302713905337052,1.22486245974985,-0.0052484,-0.00079544,0.01811721,0.021222622806808,9.36522024959827,4.24995132430402,0.0071969948581323,0.00231359266879316,0.399999999999999,0.00116674036314457,-0.00162369327676792,0.00868079644318343,0.000456056696339857,0.00130196242700897,0.00113165125707582,0.00140560256070632,0.000646092241371576
1996-04-01,11819.6003245746,70.197,5.54,-0.253069462513172,1.2275426310801,0,0,0,0,9.37751447690063,4.25130557507586,0.0122942273023678,0.00135425077183982,0.2,0.0071969948581323,0.00116674036314457,-0.00162369327676792,0.00868079644318343,0.00231359266879316,0.00130196242700897,0.00113165125707582,0.00140560256070632
1996-05-01,11775.5847749167,70.319,5.64,-0.286386334523903,1.17395139270914,0.0005275,0.02007543,-0.00274063,0.014739736425337,9.37378358006479,4.25304203257046,-0.00373089683584382,0.00173645749459617,0.0999999999999996,0.0122942273023678,0.0071969948581323,0.00116674036314457,-0.00162369327676792,0.00135425077183982,0.00231359266879316,0.00130196242700897,0.00113165125707582
1996-06-01,11830.6910760965,70.373,5.81,-0.239225707195662,1.23786417458445,0,0,0,0,9.37845237251866,4.25380966687307,0.00466879245387197,0.000767634302614617,0.17,-0.00373089683584382,0.0122942273023678,0.0071969948581323,0.00116674036314457,0.00173645749459617,0.00135425077183982,0.00231359266879316,0.00130196242700897
1996-07-01,11888.5386669535,70.505,5.85,-0.287692219352138,1.25043248483798,-0.0141455,-0.02381297,-0.005668,-0.0186218586725232,9.38333007775413,4.25568362928919,0.00487770523546871,0.00187396241611992,0.04,0.00466879245387197,-0.00373089683584382,0.0122942273023678,0.0071969948581323,0.000767634302614617,0.00173645749459617,0.00135425077183982,0.00231359266879316
1996-08-01,11899.5190150302,70.566,5.67,-0.358667354865398,1.22028905899575,-0.0058795,0.00620623,-0.00924184,0.0141582546288332,9.38425325937773,4.25654844209695,0.000923181623598168,0.000864812807760629,-0.18,0.00487770523546871,0.00466879245387197,-0.00373089683584382,0.0122942273023678,0.00187396241611992,0.000767634302614617,0.00173645749459617,0.00135425077183982
1996-09-01,11955.226712342,70.78,5.83,-0.352815950479985,1.20412829722106,-0.0257086,-0.05679111,-0.05575848,-0.0886744325768461,9.38892384352207,4.25957647491732,0.0046705841443373,0.0030280328203629,0.16,0.000923181623598168,0.00487770523546871,0.00466879245387197,-0.00373089683584382,0.000864812807760629,0.00187396241611992,0.000767634302614617,0.00173645749459617
1996-10-01,12052.9848165939,70.948,5.55,-0.295202572727626,1.24582450765637,0,0,0,0,9.39706761086747,4.26194721434334,0.00814376734540545,0.00237073942602262,-0.28,0.0046705841443373,0.000923181623598168,0.00487770523546871,0.00466879245387197,0.0030280328203629,0.000864812807760629,0.00187396241611992,0.000767634302614617
1996-11-01,12047.7128470653,71.041,5.42,-0.246603018810462,1.29365340084677,-0.0038328,-0.02235482,0.00775709,-0.0326330785596815,9.39663011568071,4.26325717516142,-0.000437495186758952,0.00130996081807755,-0.13,0.00814376734540545,0.0046705841443373,0.000923181623598168,0.00487770523546871,0.00237073942602262,0.0030280328203629,0.000864812807760629,0.00187396241611992
1996-12-01,12013.7878729295,71.068,5.47,-0.369644784130645,1.21579144650167,0.0123329,0.00096448,-0.00621898,-0.00569296927532873,9.39381025859778,4.26363716517366,-0.00281985708292964,0.000379990012242537,0.0499999999999998,-0.000437495186758952,0.00814376734540545,0.0046705841443373,0.000923181623598168,0.00130996081807755,0.00237073942602262,0.0030280328203629,0.000864812807760629
1997-01-01,12086.7124990481,71.144,5.61,-0.317539376356927,1.24925956727418,0,0,0,0,9.39986198761215,4.26470599209734,0.00605172901436646,0.00106882692367893,0.140000000000001,-0.00281985708292964,-0.000437495186758952,0.00814376734540545,0.0046705841443373,0.000379990012242537,0.00130996081807755,0.00237073942602262,0.0030280328203629
1997-02-01,12172.7171651871,71.29,5.53,-0.434413636632362,1.18374916444951,0.0013308,0.01865901,-0.0172607,-0.0168214879176274,9.40695242853744,4.26675606512954,0.00709044092529254,0.00205007303219862,-0.0800000000000001,0.00605172901436646,-0.00281985708292964,-0.000437495186758952,0.00814376734540545,0.00106882692367893,0.000379990012242537,0.00130996081807755,0.00237073942602262
1997-03-01,12088.1949309456,71.46,5.8,-0.465126400390998,1.18724829123056,0.0324423,0.05819176,0.00449612,0.0538032895067092,9.39998462981077,4.26913785259526,-0.00696779872667008,0.00238178746572615,0.27,0.00709044092529254,0.00605172901436646,-0.00281985708292964,-0.000437495186758952,0.00205007303219862,0.00106882692367893,0.000379990012242537,0.00130996081807755
1997-04-01,12357.4214060045,71.6,5.99,-0.413544020114465,1.19215534805457,0,0,0,0,9.42201208513698,4.2710950739666,0.0220274553262048,0.00195722137133636,0.19,-0.00696779872667008,0.00709044092529254,0.00605172901436646,-0.00281985708292964,0.00238178746572615,0.00205007303219862,0.00106882692367893,0.000379990012242537
1997-05-01,12244.1172242595,71.652,5.87,-0.412715712227446,1.15031184430165,-0.0327223,-0.06702887,-0.00981188,-0.0703228012436284,9.41280087403609,4.27182106735286,-0.00921121110088485,0.000725993386256008,-0.12,0.0220274553262048,-0.00696779872667008,0.00709044092529254,0.00605172901436646,0.00195722137133636,0.00238178746572615,0.00205007303219862,0.00106882692367893
1997-06-01,12351.3561307736,71.758,5.69,-0.512764363532841,1.12534287017564,0,0,0,0,9.42152114418746,4.2732993466821,0.0087202701513629,0.0014782793292456,-0.18,-0.00921121110088485,0.0220274553262048,-0.00696779872667008,0.00709044092529254,0.000725993386256008,0.00195722137133636,0.00238178746572615,0.00205007303219862
1997-07-01,12451.0244757832,71.807,5.54,-0.488810054277069,1.18279116889626,0.0050575,-0.01620319,0.00494624,-0.00781341526231553,9.42955818571895,4.27398196433825,0.00803704153149454,0.000682617656151407,-0.15,0.0087202701513629,-0.00921121110088485,0.0220274553262048,-0.00696779872667008,0.0014782793292456,0.000725993386256008,0.00195722137133636,0.00238178746572615
1997-08-01,12481.0900466902,71.778,5.56,-0.490549508986276,1.12378804346573,0.0244842,0.02493557,-0.01909142,0.00957051673051313,9.43196998159399,4.27357802241682,0.00241179587504092,-0.000403941921431006,0.0199999999999996,0.00803704153149454,0.0087202701513629,-0.00921121110088485,0.0220274553262048,0.000682617656151407,0.0014782793292456,0.000725993386256008,0.00195722137133636
1997-09-01,12482.1907387679,71.927,5.52,-0.542684881118498,1.13484609624592,-0.0199894,0.00614437,-0.01656169,-0.0150281392441887,9.43205816648346,4.27565171579415,8.81848894671577e-05,0.00207369337732466,-0.04,0.00241179587504092,0.00803704153149454,0.0087202701513629,-0.00921121110088485,-0.000403941921431006,0.000682617656151407,0.0014782793292456,0.000725993386256008
1997-10-01,12562.7126192507,72.036,5.46,-0.415839916007483,1.26754297509861,0,0,0,0,9.43848838957368,4.27716599405771,0.00643022309022712,0.00151427826355999,-0.0599999999999996,8.81848894671577e-05,0.00241179587504092,0.00803704153149454,0.0087202701513629,0.00207369337732466,-0.000403941921431006,0.000682617656151407,0.0014782793292456
1997-11-01,12536.9678597943,72.058,5.46,-0.309349255187026,1.29148335668729,-0.0199894,0.00326565,-0.03826433,-0.0284709724337004,9.43643698748462,4.27747135028588,-0.00205140208906229,0.000305356228169629,0,0.00643022309022712,8.81848894671577e-05,0.00241179587504092,0.00803704153149454,0.00151427826355999,0.00207369337732466,-0.000403941921431006,0.000682617656151407
1997-12-01,12634.0594737208,72.1,5.53,-0.374185626125047,1.28489913156558,0.0023904,0.00290156,-0.00710064,-0.00679364429252491,9.44415157888154,4.2780540442909,0.00771459139691544,0.000582694005027307,0.0700000000000003,-0.00205140208906229,0.00643022309022712,8.81848894671577e-05,0.00241179587504092,0.000305356228169629,0.00151427826355999,0.00207369337732466,-0.000403941921431006
1998-01-01,12567.4842270485,72.21,5.24,-0.328918340110556,1.33247649489633,0,0,0,0,9.43886814050714,4.27957854046309,-0.00528343837439849,0.00152449617218675,-0.29,0.00771459139691544,-0.00205140208906229,0.00643022309022712,8.81848894671577e-05,0.000582694005027307,0.000305356228169629,0.00151427826355999,0.00207369337732466
1998-02-01,12756.2351196227,72.272,5.31,-0.303930004774749,1.30050716983532,-0.0191078,0.0228062,0.000138,0.0256791170370397,9.45377546004088,4.28043677891225,0.0149073195337408,0.000858238449158222,0.0699999999999994,-0.00528343837439849,0.00771459139691544,-0.00205140208906229,0.00643022309022712,0.00152449617218675,0.000582694005027307,0.000305356228169629,0.00151427826355999
1998-03-01,12788.6912220832,72.349,5.39,-0.356156803852784,1.28071108163057,-0.0147688,0.00783054,-0.00821723,-0.0042222261199523,9.45631656111833,4.2815016312819,0.00254110107744765,0.00106485236965526,0.0800000000000001,0.0149073195337408,-0.00528343837439849,0.00771459139691544,-0.00205140208906229,0.000858238449158222,0.00152449617218675,0.000582694005027307,0.000305356228169629
1998-04-01,12762.4446986646,72.482,5.38,-0.389350960798527,1.19318788211977,0,0,0,0,9.45426212935204,4.28333825517301,-0.00205443176628606,0.00183662389110228,-0.00999999999999979,0.00254110107744765,0.0149073195337408,-0.00528343837439849,0.00771459139691544,0.00106485236965526,0.000858238449158222,0.00152449617218675,0.000582694005027307
1998-05-01,12795.5841536866,72.552,5.44,-0.343116746536729,1.20496496210356,-0.0120305,-0.00265142,-0.01797292,-0.00787969907357016,9.45685540239243,4.28430354614527,0.00259327304038415,0.000965290972260391,0.0600000000000005,-0.00205443176628606,0.00254110107744765,0.0149073195337408,-0.00528343837439849,0.00183662389110228,0.00106485236965526,0.000858238449158222,0.00152449617218675
1998-06-01,12906.9350559108,72.461,5.41,-0.304969917841564,1.30447739205337,0,0,0,0,9.46552004712739,4.28304848608934,0.00866464473496009,-0.0012550600559269,-0.0300000000000002,0.00259327304038415,-0.00205443176628606,0.00254110107744765,0.0149073195337408,0.000965290972260391,0.00183662389110228,0.00106485236965526,0.000858238449158222
1998-07-01,12881.2500292734,72.665,5.36,-0.265233203705871,1.35153158816212,-0.0300726,-0.01034203,-0.0071294,0.0190409235266699,9.46352804691133,4.28585983807813,-0.00199200021605783,0.0028113519887949,-0.0499999999999998,0.00866464473496009,0.00259327304038415,-0.00205443176628606,0.00254110107744765,-0.0012550600559269,0.000965290972260391,0.00183662389110228,0.00106485236965526
1998-08-01,12946.3819062797,72.807,5.21,0.134799413246336,1.9823382484717,0.0068808,0.000259,0.00598283,0.0285529274612286,9.4685716386147,4.28781210442631,0.0050435917033731,0.0019522663481748,-0.15,-0.00199200021605783,0.00866464473496009,0.00259327304038415,-0.00205443176628606,0.0028113519887949,-0.0012550600559269,0.000965290972260391,0.00183662389110228
1998-09-01,13121.3353959545,72.795,4.71,0.118872093620325,2.09399710591214,0.0415534,0.05940377,-0.02310027,0.0573409770949988,9.48199484054676,4.28764727152529,0.0134232019320564,-0.000164832901019984,-0.5,0.0050435917033731,-0.00199200021605783,0.00866464473496009,0.00259327304038415,0.0019522663481748,0.0028113519887949,-0.0012550600559269,0.000965290972260391
1998-10-01,13162.2262696024,72.937,4.12,0.233926816429651,2.23152906726186,0,-0.22465232,0.02315193,-0.233309196435293,9.48510635999445,4.28959605483904,0.0031115194476925,0.0019487833137557,-0.59,0.0134232019320564,0.0050435917033731,-0.00199200021605783,0.00866464473496009,-0.000164832901019984,0.0019522663481748,0.0028113519887949,-0.0012550600559269
1998-11-01,13217.6759787134,72.95,4.53,0.217333879508752,1.97047815146934,-0.021825,-0.05469868,0.020959,-0.0191716829369263,9.48931030209046,4.28977427496879,0.00420394209600694,0.000178220129749995,0.41,0.0031115194476925,0.0134232019320564,0.0050435917033731,-0.00199200021605783,0.0019487833137557,-0.000164832901019984,0.0019522663481748,0.0028113519887949
1998-12-01,13195.7723342868,73.076,4.52,0.0814109225319024,1.93156085965376,-0.0174689,0.00324795,-0.01138395,0.0190559748389985,9.48765177956906,4.29149999547432,-0.00165852252139942,0.00172572050552855,-0.0100000000000007,0.00420394209600694,0.0031115194476925,0.0134232019320564,0.0050435917033731,0.000178220129749995,0.0019487833137557,-0.000164832901019984,0.0019522663481748
1999-01-01,13224.9416696763,73.18,4.51,0.0730742411399656,1.89102405187191,0,0,0,0,9.48985984610629,4.29292215959106,0.0022080665372286,0.00142216411673779,-0.00999999999999979,-0.00165852252139942,0.00420394209600694,0.0031115194476925,0.0134232019320564,0.00172572050552855,0.000178220129749995,0.0019487833137557,-0.000164832901019984
1999-02-01,13326.9465137461,73.155,4.7,-0.151963553959022,1.76478741109368,0.0332503,-0.00502843,0.01509783,0.0107390391007446,9.49754331819628,4.29258047783013,0.00768347208999032,-0.000341681760935408,0.19,0.0022080665372286,-0.00165852252139942,0.00420394209600694,0.0031115194476925,0.00142216411673779,0.00172572050552855,0.000178220129749995,0.0019487833137557
1999-03-01,13395.6079176324,73.177,4.78,-0.14052891820339,1.66277084677089,-0.015274,-0.00290841,-0.0228253,-0.0384290429439212,9.50268216487068,4.29288116394343,0.00513884667440578,0.000300686113300586,0.0800000000000001,0.00768347208999032,0.0022080665372286,-0.00165852252139942,0.00420394209600694,-0.000341681760935408,0.00142216411673779,0.00172572050552855,0.000178220129749995
1999-04-01,13394.9239159871,73.365,4.69,-0.181231279978493,1.61081396376359,0,0,0,0,9.50263110193175,4.29544698265943,-5.10629389296469e-05,0.00256581871600403,-0.0899999999999999,0.00513884667440578,0.00768347208999032,0.0022080665372286,-0.00165852252139942,0.000300686113300586,-0.000341681760935408,0.00142216411673779,0.00172572050552855
1999-05-01,13444.8265850255,73.435,4.85,-0.179612923696028,1.64580826565538,0.0504941,0.13327533,-0.03062204,0.107467916077852,9.5063496705183,4.29640066120583,0.00371856858654418,0.000953678546395054,0.159999999999999,-5.10629389296469e-05,0.00513884667440578,0.00768347208999032,0.0022080665372286,0.00256581871600403,0.000300686113300586,-0.000341681760935408,0.00142216411673779
1999-06-01,13441.3023169832,73.474,5.1,-0.116363630063064,1.68587681968521,-0.0539056,-0.14729851,0.04211419,-0.111098076390992,9.50608750796784,4.29693160214091,-0.000262162550461298,0.000530940935084878,0.25,0.00371856858654418,-5.10629389296469e-05,0.00513884667440578,0.00768347208999032,0.000953678546395054,0.00256581871600403,0.000300686113300586,-0.000341681760935408
1999-07-01,13567.2186594118,73.606,5.03,-0.068283505784356,1.74237845485013,0,0,0,0,9.5154117693608,4.29872654415124,0.00932426139296183,0.00179494201033403,-0.0699999999999994,-0.000262162550461298,0.00371856858654418,-5.10629389296469e-05,0.00513884667440578,0.000530940935084878,0.000953678546395054,0.00256581871600403,0.000300686113300586
1999-08-01,13604.7539381025,73.642,5.2,-0.00767215316243974,1.95864119464803,-0.0209921,-0.03137062,0.03869808,-0.0188525288689854,9.51817456491652,4.29921551514871,0.00276279555572678,0.000488970997464477,0.17,0.00932426139296183,-0.000262162550461298,0.00371856858654418,-5.10629389296469e-05,0.00179494201033403,0.000530940935084878,0.000953678546395054,0.00256581871600403
1999-09-01,13643.1057144733,73.837,5.25,0.125659123637883,2.02062043227031,0,0,0,0,9.52098959715657,4.30185996098354,0.00281503224004176,0.00264444583483403,0.0499999999999998,0.00276279555572678,0.00932426139296183,-0.000262162550461298,0.00371856858654418,0.000488970997464477,0.00179494201033403,0.000530940935084878,0.000953678546395054
1999-10-01,13724.8062318141,73.963,5.43,0.139451335314659,2.08667893059959,0.0125121,0.08009256,-0.01594686,0.0739737364972077,9.52696014837746,4.30356496816249,0.00597055122089429,0.00170500717894484,0.18,0.00281503224004176,0.00276279555572678,0.00932426139296183,-0.000262162550461298,0.00264444583483403,0.000488970997464477,0.00179494201033403,0.000530940935084878
1999-11-01,13808.8127803807,74.034,5.55,0.10433628665986,2.03754617374806,0.0037103,0.05726578,0.01898391,0.0515154537983563,9.53306227459641,4.30452444714445,0.0061021262189449,0.000959478981964246,0.12,0.00597055122089429,0.00281503224004176,0.00276279555572678,0.00932426139296183,0.00170500717894484,0.00264444583483403,0.000488970997464477,0.00179494201033403
1999-12-01,13950.7482331797,74.128,5.84,-0.12520514506796,1.86269762905436,-0.0076651,-0.01248983,0.0449105,0.0126097779161579,9.54328842259819,4.30579332867429,0.0102261480017809,0.00126888152984073,0.29,0.0061021262189449,0.00597055122089429,0.00281503224004176,0.00276279555572678,0.000959478981964246,0.00170500717894484,0.00264444583483403,0.000488970997464477
2000-01-01,13813.3798583808,74.306,6.12,0.0596133533015923,1.95174667415466,0,0,0,0,9.53339295638561,4.30819170216452,-0.00989546621257986,0.00239837349022753,0.28,0.0102261480017809,0.0061021262189449,0.00597055122089429,0.00281503224004176,0.00126888152984073,0.000959478981964246,0.00170500717894484,0.00264444583483403
2000-02-01,13869.8686620134,74.415,6.22,0.148989687965687,2.12206374970532,0.085677,0.01694084,-0.02276755,-0.0176868798332354,9.53747404405088,4.30965753442112,0.00408108766527171,0.00146583225660191,0.0999999999999996,-0.00989546621257986,0.0102261480017809,0.0061021262189449,0.00597055122089429,0.00239837349022753,0.00126888152984073,0.000959478981964246,0.00170500717894484
2000-03-01,13951.7233046881,74.568,6.22,0.414204587182402,2.47247973362042,0.0009239,-0.00154357,-0.00620638,-0.0110365276472411,9.54335831400601,4.31171146075886,0.0058842699551338,0.00205392633773371,0,0.00408108766527171,-0.00989546621257986,0.0102261480017809,0.0061021262189449,0.00146583225660191,0.00239837349022753,0.00126888152984073,0.000959478981964246
2000-04-01,14134.3735685323,74.617,6.15,0.571351349837866,2.63260459662693,0,0,0,0,9.55636495139058,4.31236836328608,0.0130066373845636,0.000656902527225611,-0.0699999999999994,0.0058842699551338,0.00408108766527171,-0.00989546621257986,0.0102261480017809,0.00205392633773371,0.00146583225660191,0.00239837349022753,0.00126888152984073
2000-05-01,14115.1837629583,74.697,6.33,0.753372547401639,2.80278629282038,0.0337245,0.06786235,-0.00825308,0.0385385209252564,9.55500635958678,4.31343993068974,-0.00135859180379327,0.00107156740365966,0.18,0.0130066373845636,0.0058842699551338,0.00408108766527171,-0.00989546621257986,0.000656902527225611,0.00205392633773371,0.00146583225660191,0.00239837349022753
2000-06-01,14143.5816260146,74.754,6.17,0.800763337539832,2.81222467652529,-0.026451,-0.0336266,-0.00171677,-0.0340980596379088,9.55701620483124,4.31420272254478,0.00200984524446035,0.000762791855040135,-0.16,-0.00135859180379327,0.0130066373845636,0.0058842699551338,0.00408108766527171,0.00107156740365966,0.000656902527225611,0.00205392633773371,0.00146583225660191
2000-07-01,14058.6650265326,74.925,6.08,0.881003444778801,2.92905279584326,0,0,0,0,9.5509942125305,4.31648761320273,-0.00602199230073808,0.00228489065794601,-0.0899999999999999,0.00200984524446035,-0.00135859180379327,0.0130066373845636,0.0058842699551338,0.000762791855040135,0.00107156740365966,0.000656902527225611,0.00205392633773371
2000-08-01,14171.6295691845,75.021,6.18,1.03456571827342,3.05113831162987,-0.0210846,0.03333993,0.01446751,0.00108663641179043,9.55899732742646,4.31776807434363,0.00800311489595451,0.00128046114089919,0.0999999999999996,-0.00602199230073808,0.00200984524446035,-0.00135859180379327,0.0130066373845636,0.00228489065794601,0.000762791855040135,0.00107156740365966,0.000656902527225611
2000-09-01,14205.9719905445,75.203,6.13,1.14165430202151,3.19995622789784,0,0,0,0,9.56141771789204,4.32019112377709,0.00242039046558418,0.00242304943346028,-0.0499999999999998,0.00800311489595451,-0.00602199230073808,0.00200984524446035,-0.00135859180379327,0.00128046114089919,0.00228489065794601,0.000762791855040135,0.00107156740365966
2000-10-01,14247.3571566478,75.308,6.01,1.53290686158233,3.63550103068777,0.0087331,0.03245544,0.00638653,0.0424682855831242,9.56432670580508,4.32158637086247,0.00290898791303995,0.00139524708537841,-0.12,0.00242039046558418,0.00800311489595451,-0.00602199230073808,0.00200984524446035,0.00242304943346028,0.00128046114089919,0.00228489065794601,0.000762791855040135
2000-11-01,14232.9738798191,75.441,6.09,1.61604307713582,3.73674774735291,0.0123755,0.04374977,-0.03753593,0.0138754669834873,9.56331665588445,4.32335089380469,-0.00101004992063558,0.00176452294222074,0.0800000000000001,0.00290898791303995,0.00242039046558418,0.00800311489595451,-0.00602199230073808,0.00139524708537841,0.00242304943346028,0.00128046114089919,0.00228489065794601
2000-12-01,14209.9797475669,75.515,5.6,1.61577183254187,3.75710325367195,-0.0045703,0.04392733,-0.02240827,0.0491364435922426,9.56169979586613,4.32433131201831,-0.00161686001832173,0.000980418213619494,-0.49,-0.00101004992063558,0.00290898791303995,0.00242039046558418,0.00800311489595451,0.00176452294222074,0.00139524708537841,0.00242304943346028,0.00128046114089919
2001-01-01,14215.8307718094,75.796,4.81,1.16068792040545,3.37064244730092,-0.0332549,-0.3331864,0.13912818,-0.104853757323184,9.56211146569845,4.32804552080737,0.000411669832327988,0.00371420878906292,-0.79,-0.00161686001832173,-0.00101004992063558,0.00290898791303995,0.00242039046558418,0.000980418213619494,0.00176452294222074,0.00139524708537841,0.00242304943346028
2001-02-01,14185.2230246028,75.93,4.68,1.19197281536016,3.29295719062082,0,0,0,0,9.55995606968564,4.32981186322514,-0.00215539601281201,0.00176634241777407,-0.13,0.000411669832327988,-0.00161686001832173,-0.00101004992063558,0.00290898791303995,0.00371420878906292,0.000980418213619494,0.00176452294222074,0.00139524708537841
2001-03-01,14149.8101969417,76.009,4.3,1.12081105676208,3.24929042747802,-0.0337901,0.00155644,-0.06946799,-0.000721612503943397,9.55745648933772,4.33085175432774,-0.00249958034791753,0.00103989110260105,-0.38,-0.00215539601281201,0.000411669832327988,-0.00161686001832173,-0.00101004992063558,0.00176634241777407,0.00371420878906292,0.000980418213619494,0.00176452294222074
2001-04-01,14260.7641747237,76.13,3.98,0.930125458143134,3.17255420229816,0,-0.39070124,-0.11573985,-0.213910633471569,9.56526728122277,4.33244240531812,0.00781079188504208,0.00159065099037736,-0.32,-0.00249958034791753,-0.00215539601281201,0.000411669832327988,-0.00161686001832173,0.00103989110260105,0.00176634241777407,0.00371420878906292,0.000980418213619494
2001-05-01,14326.8087174925,76.148,3.78,0.78509683178551,2.96872380597694,-0.0227166,-0.0962114,-0.05210162,-0.0674108752036237,9.56988779661366,4.33267881504354,0.00462051539089359,0.000236409725421716,-0.2,0.00781079188504208,-0.00249958034791753,-0.00215539601281201,0.000411669832327988,0.00159065099037736,0.00103989110260105,0.00176634241777407,0.00371420878906292
2001-06-01,14229.1418197178,76.318,3.58,1.0265651865235,3.07642907366969,0.0941237,0.07399816,0.01204147,0.125890032589098,9.56304738144506,4.33490882134593,-0.0068404151686039,0.00223000630238612,-0.2,0.00462051539089359,0.00781079188504208,-0.00249958034791753,-0.00215539601281201,0.000236409725421716,0.00159065099037736,0.00103989110260105,0.00176634241777407
2001-07-01,14183.7038118592,76.515,3.62,0.794898742014474,3.01170055564632,0,0,0,0,9.5598489656874,4.337486800043,-0.00319841575765878,0.00257797869707055,0.04,-0.0068404151686039,0.00462051539089359,0.00781079188504208,-0.00249958034791753,0.00223000630238612,0.000236409725421716,0.00159065099037736,0.00103989110260105
2001-08-01,14346.9201019749,76.553,3.47,0.7752092687055,3.00351688100813,-0.0234165,-0.00404332,-0.08606239,0.0115383948054687,9.57129057111201,4.33798331140763,0.0114416054246131,0.00049651136463158,-0.15,-0.00319841575765878,-0.0068404151686039,0.00462051539089359,0.00781079188504208,0.00257797869707055,0.00223000630238612,0.000236409725421716,0.00159065099037736
2001-09-01,14114.4565270834,76.118,2.82,1.24004153433851,3.51721051226129,0,0,0,0,9.55495483672871,4.33228476777904,-0.0163357343833006,-0.00569854362858813,-0.65,0.0114416054246131,-0.00319841575765878,-0.0068404151686039,0.00462051539089359,0.00049651136463158,0.00257797869707055,0.00223000630238612,0.000236409725421716
2001-10-01,14236.5625908476,76.654,2.33,1.05652836363656,3.41734578531174,0.0005764,-0.00934119,-0.05097291,0.0133990200722291,9.56356876473428,4.33930178921388,0.00861392800557503,0.00701702143484173,-0.49,-0.0163357343833006,0.0114416054246131,-0.00319841575765878,-0.0068404151686039,-0.00569854362858813,0.00049651136463158,0.00257797869707055,0.00223000630238612
2001-11-01,14160.6972654075,76.81,2.18,-0.0894171550678395,2.96979166517734,-0.0498672,-0.12679517,-0.05078501,-0.0813269629825873,9.55822560794268,4.34133484001059,-0.00534315679160713,0.00203305079670635,-0.15,0.00861392800557503,-0.0163357343833006,0.0114416054246131,-0.00319841575765878,0.00701702143484173,-0.00569854362858813,0.00049651136463158,0.00257797869707055
2001-12-01,14365.2912568472,76.828,2.22,0.411974770744044,2.88436987504082,-0.0426733,-0.05191214,-0.02053576,0.0161010088384931,9.5725702466584,4.34156915704261,0.0143446387157216,0.000234317032014708,0.04,-0.00534315679160713,0.00861392800557503,-0.0163357343833006,0.0114416054246131,0.00203305079670635,0.00701702143484173,-0.00569854362858813,0.00049651136463158
2002-01-01,14407.2448056524,76.871,2.16,0.573596310610483,2.92052777677277,0.0045066,0.01537737,0.01095942,0.07305020642297,9.57548647054957,4.34212869225262,0.00291622389117308,0.000559535210013173,-0.0600000000000001,0.0143446387157216,-0.00534315679160713,0.00861392800557503,-0.0163357343833006,0.000234317032014708,0.00203305079670635,0.00701702143484173,-0.00569854362858813
2002-02-01,14322.9198231467,77.018,2.23,0.791557193247642,2.95809058528969,0,0,0,0,9.56961631799465,4.34403916076838,-0.00587015255492673,0.00191046851576271,0.0699999999999998,0.00291622389117308,0.0143446387157216,-0.00534315679160713,0.00861392800557503,0.000559535210013173,0.000234317032014708,0.00203305079670635,0.00701702143484173
2002-03-01,14390.0859467526,77.11,2.57,0.286790942791289,2.61661885637097,-0.0178533,-0.01540963,-0.05552493,-0.0644124223181268,9.57429477253575,4.34523297384487,0.00467845454110716,0.00119381307648769,0.34,-0.00587015255492673,0.00291622389117308,0.0143446387157216,-0.00534315679160713,0.00191046851576271,0.000559535210013173,0.000234317032014708,0.00203305079670635
2002-04-01,14443.9466311514,77.325,2.48,0.424467451619662,2.6584594431495,0,0,0,0,9.57803068751039,4.34801731857113,0.00373591497463899,0.00278434472626454,-0.0899999999999999,0.00467845454110716,-0.00587015255492673,0.00291622389117308,0.0143446387157216,0.00119381307648769,0.00191046851576271,0.000559535210013173,0.000234317032014708
2002-05-01,14442.5511887675,77.411,2.35,0.523503745938823,2.73463728322125,-0.0377473,0.00113376,-0.03427141,-0.0239504882456192,9.57793407196401,4.3491288893608,-9.661554638285e-05,0.00111157078966784,-0.13,0.00373591497463899,0.00467845454110716,-0.00587015255492673,0.00291622389117308,0.00278434472626454,0.00119381307648769,0.00191046851576271,0.000559535210013173
2002-06-01,14497.9165386752,77.534,2.2,0.97736124695602,3.27748889679343,-0.0742404,0.03136311,-0.02569537,0.0519952321831472,9.58176023109678,4.35071654983177,0.00382615913277462,0.00158766047096481,-0.15,-9.661554638285e-05,0.00373591497463899,0.00467845454110716,-0.00587015255492673,0.00111157078966784,0.00278434472626454,0.00119381307648769,0.00191046851576271
2002-07-01,14574.9425976316,77.692,1.96,1.60587032148253,4.09192300903127,0,0,0,0,9.58705907279801,4.35275229196989,0.00529884170122763,0.00203574213812008,-0.24,0.00382615913277462,-9.661554638285e-05,0.00373591497463899,0.00467845454110716,0.00158766047096481,0.00111157078966784,0.00278434472626454,0.00119381307648769
2002-08-01,14491.9709554201,77.845,1.76,1.50315434855733,3.96818421176714,-0.0174191,-0.01545075,-0.08686435,-0.07491670093035,9.58135004783273,4.35471967014164,-0.00570902496528269,0.0019673781717513,-0.2,0.00529884170122763,0.00382615913277462,-9.661554638285e-05,0.00373591497463899,0.00203574213812008,0.00158766047096481,0.00111157078966784,0.00278434472626454
2002-09-01,14493.6107178433,77.972,1.72,1.68954537223105,4.29662701187206,0.0158671,0.0535004,-0.06617244,0.0106218952929905,9.58146319114953,4.3563497878839,0.000113143316800901,0.00163011774226085,-0.04,-0.00570902496528269,0.00529884170122763,0.00382615913277462,-9.661554638285e-05,0.0019673781717513,0.00203574213812008,0.00158766047096481,0.00111157078966784
2002-10-01,14480.4480698257,78.038,1.65,1.48220453021504,4.34700439024689,0,0,0,0,9.58055460950969,4.35719588754337,-0.000908581639842865,0.000846099659475463,-0.0700000000000001,0.000113143316800901,-0.00570902496528269,0.00529884170122763,0.00382615913277462,0.00163011774226085,0.0019673781717513,0.00203574213812008,0.00158766047096481
2002-11-01,14522.5684241866,78.114,1.49,1.06304119682495,3.77424017286557,0.0039523,-0.01985365,-0.08332793,-0.0899457150767885,9.58345916145391,4.35816929814331,0.00290455194422101,0.000973410599940827,-0.16,-0.000908581639842865,0.000113143316800901,-0.00570902496528269,0.00529884170122763,0.000846099659475463,0.00163011774226085,0.0019673781717513,0.00203574213812008
2002-12-01,14611.1113104928,78.187,1.45,0.928485489254947,3.67817098340856,0.0327835,0.0267367,-0.00859513,0.0462809372441507,9.58953756690963,4.35910339332259,0.00607840545572458,0.000934095179275118,-0.04,0.00290455194422101,-0.000908581639842865,0.000113143316800901,-0.00570902496528269,0.000973410599940827,0.000846099659475463,0.00163011774226085,0.0019673781717513
2003-01-01,14595.1516796507,78.24,1.36,0.876955100889637,3.56298451345886,0.0218613,0.01228723,0.03113482,0.0586932887457299,9.58844467581049,4.35978102572656,-0.00109289109914634,0.000677632403972339,-0.0899999999999999,0.00607840545572458,0.00290455194422101,-0.000908581639842865,0.000113143316800901,0.000934095179275118,0.000973410599940827,0.000846099659475463,0.00163011774226085
2003-02-01,14653.2125772962,78.348,1.3,0.676527339678191,3.4491588116233,0,0,0,0,9.59241487895764,4.3611604419925,0.00397020314714958,0.00137941626593463,-0.0600000000000001,-0.00109289109914634,0.00607840545572458,0.00290455194422101,-0.000908581639842865,0.000677632403972339,0.000934095179275118,0.000973410599940827,0.000846099659475463
2003-03-01,14595.661116598,78.474,1.24,0.161280870936579,3.20691384025865,0.0226282,0.02912005,-0.02208686,0.0180237549121253,9.58847957973392,4.36276735973507,-0.00393529922371982,0.00160691774257327,-0.0600000000000001,0.00397020314714958,-0.00109289109914634,0.00607840545572458,0.00290455194422101,0.00137941626593463,0.000677632403972339,0.000934095179275118,0.000973410599940827
2003-04-01,14675.339645679,78.561,1.27,0.0728515622818056,2.72867792736998,0,0,0,0,9.59392378893811,4.36387539308943,0.00544420920419419,0.00110803335436227,0.03,-0.00393529922371982,0.00397020314714958,-0.00109289109914634,0.00607840545572458,0.00160691774257327,0.00137941626593463,0.000677632403972339,0.000934095179275118
2003-05-01,14690.1311339434,78.674,1.18,-0.469248376709989,2.80468450289142,-0.0682682,-0.05273812,-0.03746038,-0.0844701257648786,9.59493119587712,4.36531273235174,0.00100740693901002,0.00143733926230549,-0.0900000000000001,0.00544420920419419,-0.00393529922371982,0.00397020314714958,-0.00109289109914634,0.00110803335436227,0.00160691774257327,0.00137941626593463,0.000677632403972339
2003-06-01,14867.2038477927,78.718,1.01,-0.365160719847621,2.54071743765112,0.0327579,0.08322515,0.05899084,0.137637425719037,9.60691298194685,4.36587184591718,0.0119817860697342,0.000559113565444136,-0.17,0.00100740693901002,0.00544420920419419,-0.00393529922371982,0.00397020314714958,0.00143733926230549,0.00110803335436227,0.00160691774257327,0.00137941626593463
2003-07-01,14911.2652435547,78.915,1.12,-1.06897834164265,2.4420962025252,0,0,0,0,9.60987226288113,4.36837132385088,0.00295928093428088,0.0024994779336982,0.11,0.0119817860697342,0.00100740693901002,0.00544420920419419,-0.00393529922371982,0.000559113565444136,0.00143733926230549,0.00110803335436227,0.00160691774257327
2003-08-01,14983.0220783769,79.004,1.31,-0.196126946956831,2.39667102551959,-0.0333183,-0.01272344,-0.02176399,-0.0195989630739876,9.61467297760389,4.36949848409661,0.00480071472275334,0.00112716024573167,0.19,0.00295928093428088,0.0119817860697342,0.00100740693901002,0.00544420920419419,0.0024994779336982,0.000559113565444136,0.00143733926230549,0.00110803335436227
2003-09-01,15074.1075651723,79.114,1.24,-0.538433523134723,2.42296880883297,-0.0220591,-0.00760348,0.00420376,0.0192552519435647,9.62073382018612,4.37088985026296,0.00606084258223305,0.00139136616635316,-0.0700000000000001,0.00480071472275334,0.00295928093428088,0.0119817860697342,0.00100740693901002,0.00112716024573167,0.0024994779336982,0.000559113565444136,0.00143733926230549
2003-10-01,15093.5314517891,79.26,1.25,-0.519450899661858,2.10274386222368,-0.0482529,-0.04006522,-0.04166208,-0.106412530610343,9.62202155034558,4.37273358776229,0.00128773015946138,0.00184373749932387,0.01,0.00606084258223305,0.00480071472275334,0.00295928093428088,0.0119817860697342,0.00139136616635316,0.00112716024573167,0.0024994779336982,0.000559113565444136
2003-11-01,15181.390954258,79.368,1.34,-0.546746054375089,2.00841067750452,0,0,0,0,9.62782567746707,4.3740952643476,0.00580412712148437,0.00136167658531239,0.0900000000000001,0.00128773015946138,0.00606084258223305,0.00480071472275334,0.00295928093428088,0.00184373749932387,0.00139136616635316,0.00112716024573167,0.0024994779336982
2003-12-01,15215.3528737089,79.467,1.31,-0.511680801968721,1.91784182919293,0.0105895,0.02110906,0.0073501,0.0199137290187301,9.63006025455039,4.37534184114516,0.00223457708332475,0.00124657679755913,-0.03,0.00580412712148437,0.00128773015946138,0.00606084258223305,0.00480071472275334,0.00136167658531239,0.00184373749932387,0.00139136616635316,0.00112716024573167
2004-01-01,15134.081487372,79.671,1.24,-0.706708147959021,1.78938274128996,0.0584747,0.11741226,0.00883696,0.123998446935991,9.62470453163088,4.37790565508958,-0.00535572291951247,0.00256381394441796,-0.0700000000000001,0.00223457708332475,0.00580412712148437,0.00128773015946138,0.00606084258223305,0.00124657679755913,0.00136167658531239,0.00184373749932387,0.00139136616635316
2004-02-01,15259.4563744222,79.8,1.24,-0.339292347697588,1.90309630388247,0,0,0,0,9.63295467998516,4.37952350445576,0.00825014835428206,0.00161784936618492,0,-0.00535572291951247,0.00223457708332475,0.00580412712148437,0.00128773015946138,0.00256381394441796,0.00124657679755913,0.00136167658531239,0.00184373749932387
2004-03-01,15354.50685898,79.934,1.19,-0.523403025294241,1.91723899862332,-0.0110181,-0.02628895,-0.03257582,-0.0932829435986274,9.63916431636961,4.38120129417409,0.00620963638445282,0.00167778971833066,-0.05,0.00825014835428206,-0.00535572291951247,0.00223457708332475,0.00580412712148437,0.00161784936618492,0.00256381394441796,0.00124657679755913,0.00136167658531239
2004-04-01,15311.1569717706,80.142,1.43,-0.763477038027154,1.74692348403256,0,0,0,0,9.63633705547451,4.38380006122302,-0.00282726089510099,0.00259876704892914,0.24,0.00620963638445282,0.00825014835428206,-0.00535572291951247,0.00223457708332475,0.00167778971833066,0.00161784936618492,0.00256381394441796,0.00124657679755913
2004-05-01,15445.5164122458,80.252,1.78,-0.382450483955631,1.89235349460153,-0.0182512,-0.01852312,0.02465221,-0.015212580380489,9.64507404035512,4.38517168381795,0.00873698488061159,0.00137162259493184,0.35,-0.00282726089510099,0.00620963638445282,0.00825014835428206,-0.00535572291951247,0.00259876704892914,0.00167778971833066,0.00161784936618492,0.00256381394441796
2004-06-01,15345.9688792082,80.379,2.12,-0.387600043092248,1.80310430834706,-0.0351358,-0.02951402,0.00213677,-0.000151947258355265,9.63860810479395,4.38675294803797,-0.00646593556117026,0.0015812642200137,0.34,0.00873698488061159,-0.00282726089510099,0.00620963638445282,0.00825014835428206,0.00137162259493184,0.00259876704892914,0.00167778971833066,0.00161784936618492
2004-07-01,15483.8654845333,80.474,2.1,-0.323628808470184,1.72978803047843,0,0,0,0,9.64755382427497,4.38793415088834,0.00894571948101941,0.0011812028503746,-0.02,-0.00646593556117026,0.00873698488061159,-0.00282726089510099,0.00620963638445282,0.0015812642200137,0.00137162259493184,0.00259876704892914,0.00167778971833066
2004-08-01,15522.0043908099,80.505,2.02,-0.426028399456261,1.85478562526361,0.0540053,0.04273725,0.00697723,0.0543602472411217,9.6500139342906,4.3883192942969,0.00246011001562607,0.000385143408558442,-0.0800000000000001,0.00894571948101941,-0.00646593556117026,0.00873698488061159,-0.00282726089510099,0.0011812028503746,0.0015812642200137,0.00137162259493184,0.00259876704892914
2004-09-01,15534.1147785888,80.656,2.12,-0.547313132917373,1.74337388155478,0.0363315,-0.00882984,-0.00536407,-0.0211229343743677,9.65079383781471,4.39019319734027,0.000779903524113834,0.0018739030433732,0.1,0.00246011001562607,0.00894571948101941,-0.00646593556117026,0.00873698488061159,0.000385143408558442,0.0011812028503746,0.0015812642200137,0.00137162259493184
2004-10-01,15653.0145345268,80.831,2.23,-0.530731918913433,1.73486722317471,0,0,0,0,9.65841879943355,4.39236055531342,0.00762496161883952,0.00216735797314183,0.11,0.000779903524113834,0.00246011001562607,0.00894571948101941,-0.00646593556117026,0.0018739030433732,0.000385143408558442,0.0011812028503746,0.0015812642200137
2004-11-01,15649.6992452643,81.005,2.5,-0.669831066347583,1.52780817208681,0.0020043,-0.02114236,-0.00724383,-0.0578332799324014,9.65820697822864,4.39451088116238,-0.000211821204910478,0.00215032584896502,0.27,0.00762496161883952,0.000779903524113834,0.00246011001562607,0.00894571948101941,0.00216735797314183,0.0018739030433732,0.000385143408558442,0.0011812028503746
2004-12-01,15712.0517887947,81.109,2.67,-0.716216865981799,1.4593200821488,0.0136632,-0.01111769,-0.0034327,-0.0311921376015577,9.66218332671882,4.39579392907024,0.00397634849018047,0.00128304790785716,0.17,-0.000211821204910478,0.00762496161883952,0.000779903524113834,0.00246011001562607,0.00215032584896502,0.00216735797314183,0.0018739030433732,0.000385143408558442
2005-01-01,15854.6292933903,81.401,2.86,-0.700555464508473,1.69415741856137,0,0,0,0,9.6712168056452,4.39938755794532,0.0090334789263764,0.00359362887508041,0.19,0.00397634849018047,-0.000211821204910478,0.00762496161883952,0.000779903524113834,0.00128304790785716,0.00215032584896502,0.00216735797314183,0.0018739030433732
2005-02-01,15827.3181195022,81.536,3.03,-0.929551379545252,1.5487873461845,0.0322006,-0.00813078,-0.00584906,-0.0283634627774062,9.66949272092924,4.40104464050964,-0.00172408471596164,0.00165708256432406,0.17,0.0090334789263764,0.00397634849018047,-0.000211821204910478,0.00762496161883952,0.00359362887508041,0.00128304790785716,0.00215032584896502,0.00216735797314183
2005-03-01,15854.3950689301,81.737,3.3,-0.641944086374261,1.84029884526466,0.0549188,0.05390887,0.01374744,0.0590975942079349,9.67120203228242,4.40350677572539,0.00170931135317787,0.00246213521574745,0.27,-0.00172408471596164,0.0090334789263764,0.00397634849018047,-0.000211821204910478,0.00165708256432406,0.00359362887508041,0.00128304790785716,0.00215032584896502
2005-04-01,15896.022811892,81.831,3.32,-0.386108351585318,2.12384980455,0,0,0,0,9.67382421930184,4.40465614492167,0.00262218701941919,0.00114936919627517,0.02,0.00170931135317787,-0.00172408471596164,0.0090334789263764,0.00397634849018047,0.00246213521574745,0.00165708256432406,0.00359362887508041,0.00128304790785716
2005-05-01,15863.4760586182,81.999,3.33,-0.305421752111089,2.09557354808099,0.0283899,-0.0339111,0.0395441,0.00700462116385444,9.6717746425878,4.40670705206794,-0.00204957671403605,0.00205090714627509,0.0100000000000002,0.00262218701941919,0.00170931135317787,-0.00172408471596164,0.0090334789263764,0.00114936919627517,0.00246213521574745,0.00165708256432406,0.00359362887508041
2005-06-01,16010.9078595693,82.056,3.36,-0.450682358514603,1.95170641419767,0.0058589,0.04792712,-0.0009543,0.04427941306526,9.68102551016502,4.40740194100511,0.00925086757721694,0.000694888937168514,0.0299999999999998,-0.00204957671403605,0.00262218701941919,0.00170931135317787,-0.00172408471596164,0.00205090714627509,0.00114936919627517,0.00246213521574745,0.00165708256432406
2005-07-01,16037.0907053457,82.176,3.64,-0.554641388095218,1.71126557552498,0,0,0,0,9.68265948749741,4.40886328862744,0.00163397733239279,0.00146134762233174,0.28,0.00925086757721694,-0.00204957671403605,0.00262218701941919,0.00170931135317787,0.000694888937168514,0.00205090714627509,0.00114936919627517,0.00246213521574745
2005-08-01,16077.4626874262,82.243,3.87,-0.551625616193267,1.79903634416057,-0.0010456,-0.02260494,0.00274007,-0.0397433448226532,9.68517373721181,4.40967827964075,0.00251424971440173,0.000814991013307953,0.23,0.00163397733239279,0.00925086757721694,-0.00204957671403605,0.00262218701941919,0.00146134762233174,0.000694888937168514,0.00205090714627509,0.00114936919627517
2005-09-01,16030.3130030306,82.425,3.85,-0.460300455510964,1.81922942218029,0.0520302,0.02123639,0.00347584,0.00287801710109787,9.68223677149098,4.41188878895779,-0.0029369657208278,0.00221050931704525,-0.02,0.00251424971440173,0.00163397733239279,0.00925086757721694,-0.00204957671403605,0.000814991013307953,0.00146134762233174,0.000694888937168514,0.00205090714627509
2005-10-01,16063.9511137836,82.662,4.18,-0.343762427352879,1.868970152018,0,0,0,0,9.68433297927116,4.41476000429052,0.00209620778018049,0.00287121533272217,0.33,-0.0029369657208278,0.00251424971440173,0.00163397733239279,0.00925086757721694,0.00221050931704525,0.000814991013307953,0.00146134762233174,0.000694888937168514
2005-11-01,16112.4267590185,82.873,4.33,-0.313698723965016,1.87664004610106,-0.0116643,-0.00973451,0.01619363,0.000487406800922366,9.68734610163702,4.41730931548481,0.00301312236585538,0.00254931119429624,0.15,0.00209620778018049,-0.0029369657208278,0.00251424971440173,0.00163397733239279,0.00287121533272217,0.00221050931704525,0.000814991013307953,0.00146134762233174
2005-12-01,16235.8957687527,82.959,4.35,-0.28434382151187,1.93826024488091,-0.0028334,-0.04470098,0.01759046,-0.0450084971364803,9.69497985817671,4.41834650984669,0.00763375653968801,0.00103719436188054,0.0199999999999996,0.00301312236585538,0.00209620778018049,-0.0029369657208278,0.00251424971440173,0.00254931119429624,0.00287121533272217,0.00221050931704525,0.000814991013307953
2006-01-01,16315.3114261486,83.145,4.45,-0.354781315639892,1.78098567275472,0.0281742,0.0284123,0.00143969,0.0102751437470488,9.69985929717798,4.42058607153988,0.00487943900127163,0.00223956169318384,0.100000000000001,0.00763375653968801,0.00301312236585538,0.00209620778018049,-0.0029369657208278,0.00103719436188054,0.00254931119429624,0.00287121533272217,0.00221050931704525
2006-02-01,16308.0159062687,83.279,4.68,-0.311275078047011,1.73255641826495,0,0,0,0,9.69941203930467,4.4221964165497,-0.000447257873311457,0.0016103450098246,0.23,0.00487943900127163,0.00763375653968801,0.00301312236585538,0.00209620778018049,0.00223956169318384,0.00103719436188054,0.00254931119429624,0.00287121533272217
2006-03-01,16440.1989231028,83.509,4.77,-0.397910031353417,1.70369294049361,0.0132254,0.05973775,-0.01372692,0.0458244797987387,9.70748476848239,4.42495441047962,0.0080727291777265,0.00275799392992138,0.0899999999999999,-0.000447257873311457,0.00487943900127163,0.00763375653968801,0.00301312236585538,0.0016103450098246,0.00223956169318384,0.00103719436188054,0.00254931119429624
2006-04-01,16371.8009126271,83.764,4.9,-0.435380268518091,1.62745866633815,0,0,0,0,9.70331567730302,4.42800332091391,-0.00416909117937081,0.00304891043428235,0.130000000000001,0.0080727291777265,-0.000447257873311457,0.00487943900127163,0.00763375653968801,0.00275799392992138,0.0016103450098246,0.00223956169318384,0.00103719436188054
2006-05-01,16415.6507818353,83.974,5,-0.33842848017979,1.64073489396851,0.0219398,0.03680535,0.01396563,0.0412582957179021,9.70599047470787,4.43050722712141,0.00267479740485044,0.00250390620750274,0.0999999999999996,-0.00416909117937081,0.0080727291777265,-0.000447257873311457,0.00487943900127163,0.00304891043428235,0.00275799392992138,0.0016103450098246,0.00223956169318384
2006-06-01,16403.1407940334,84.186,5.16,-0.3463181911291,1.74987255948046,-0.025843,-0.05350704,0.01054565,-0.0355505904170339,9.70522810730754,4.43302863663991,-0.000762367400328756,0.00252140951850599,0.16,0.00267479740485044,-0.00416909117937081,0.0080727291777265,-0.000447257873311457,0.00250390620750274,0.00304891043428235,0.00275799392992138,0.0016103450098246
2006-07-01,16367.8236337458,84.268,5.22,-0.246004381149031,1.79560682576856,0,0,0,0,9.70307271306895,4.43400219626422,-0.0021553942385939,0.000973559624309672,0.0599999999999996,-0.000762367400328756,0.00267479740485044,-0.00416909117937081,0.0080727291777265,0.00252140951850599,0.00250390620750274,0.00304891043428235,0.00275799392992138
2006-08-01,16420.4404051141,84.44,5.08,-0.270706770418571,1.80440512651094,-0.0307183,-0.00567109,-0.03487574,-0.0271005110058352,9.70628220390825,4.43604122298012,0.00320949083930167,0.00203902671589606,-0.14,-0.0021553942385939,-0.000762367400328756,0.00267479740485044,-0.00416909117937081,0.000973559624309672,0.00252140951850599,0.00250390620750274,0.00304891043428235
2006-09-01,16476.2013743954,84.573,4.97,-0.330707662728139,1.81655574207031,0.0124276,0.02474898,-0.00692428,0.0281568627209711,9.70967227776796,4.43761506673715,0.0033900738597108,0.0015738437570274,-0.11,0.00320949083930167,-0.0021553942385939,-0.000762367400328756,0.00267479740485044,0.00203902671589606,0.000973559624309672,0.00252140951850599,0.00250390620750274
2006-10-01,16488.6906289844,84.726,5.01,-0.361373971635773,1.71223965860371,-0.0107591,-0.00081018,-0.00965082,-0.0114485182364273,9.71043000845826,4.43942252031517,0.000757730690292391,0.00180745357802259,0.04,0.0033900738597108,0.00320949083930167,-0.0021553942385939,-0.000762367400328756,0.0015738437570274,0.00203902671589606,0.000973559624309672,0.00252140951850599
2006-11-01,16601.567393428,84.766,5.01,-0.330221643423272,1.70086957851195,0,0,0,0,9.71725239117807,4.43989451900234,0.00682238271981284,0.000471998687166852,0,0.000757730690292391,0.0033900738597108,0.00320949083930167,-0.0021553942385939,0.00180745357802259,0.0015738437570274,0.00203902671589606,0.000973559624309672
2006-12-01,16597.6093939958,84.88,4.94,-0.465170758278502,1.58909782844894,-0.0241156,-0.03157464,-0.00069151,-0.0409369743578474,9.71701395156396,4.44123849430573,-0.000238439614108188,0.00134397530339037,-0.0699999999999994,0.00682238271981284,0.000757730690292391,0.0033900738597108,0.00320949083930167,0.000471998687166852,0.00180745357802259,0.0015738437570274,0.00203902671589606
2007-01-01,16580.2677899955,85.224,5.06,-0.526044293602995,1.49518651754409,0.0044103,-0.03251187,0.02445436,0.0069298435048002,9.7159685799458,4.4452830843089,-0.00104537161816332,0.00404459000316937,0.119999999999999,-0.000238439614108188,0.00682238271981284,0.000757730690292391,0.0033900738597108,0.00134397530339037,0.000471998687166852,0.00180745357802259,0.0015738437570274
2007-02-01,16684.0791396314,85.408,5.05,-0.52077671348161,1.53230295794483,0,0,0,0,9.72221019875029,4.44743977322211,0.00624161880449137,0.00215668891321741,-0.00999999999999979,-0.00104537161816332,-0.000238439614108188,0.00682238271981284,0.000757730690292391,0.00404459000316937,0.00134397530339037,0.000471998687166852,0.00180745357802259
2007-03-01,16572.8764339328,85.494,4.92,-0.333043928385992,1.59172972878649,-0.0583119,-0.08995576,0.00660531,-0.0639605715202673,9.71552268822975,4.44844619804171,-0.00668751052053729,0.00100642481959312,-0.13,0.00624161880449137,-0.00104537161816332,-0.000238439614108188,0.00682238271981284,0.00215668891321741,0.00404459000316937,0.00134397530339037,0.000471998687166852
2007-04-01,16709.2081430478,85.616,4.93,-0.335854616810923,1.56212908140234,0,0,0,0,9.72371523225879,4.44987218156895,0.00819254402903979,0.00142598352724121,0.00999999999999979,-0.00668751052053729,0.00624161880449137,-0.00104537161816332,-0.000238439614108188,0.00100642481959312,0.00215668891321741,0.00404459000316937,0.00134397530339037
2007-05-01,16703.460277469,85.717,4.91,-0.566723155936156,1.47119459363738,0.0173909,0.02624653,0.01032887,0.0489146440937042,9.72337117918508,4.45105117232612,-0.000344053073710882,0.00117899075717265,-0.0199999999999996,0.00819254402903979,-0.00668751052053729,0.00624161880449137,-0.00104537161816332,0.00142598352724121,0.00100642481959312,0.00215668891321741,0.00404459000316937
2007-06-01,16729.1643798165,85.859,4.96,-0.35702636143142,1.63324975224237,0.0297909,0.02221391,-0.01015132,0.0115561253112144,9.72490884532261,4.4527064158616,0.00153766613752815,0.00165524353547575,0.0499999999999998,-0.000344053073710882,0.00819254402903979,-0.00668751052053729,0.00624161880449137,0.00117899075717265,0.00142598352724121,0.00100642481959312,0.00215668891321741
2007-07-01,16673.9987886403,85.988,4.96,0.0533357551225446,2.13651670257467,0,0,0,0,9.72160582632094,4.45420775163389,-0.00330301900166852,0.00150133577229283,0,0.00153766613752815,-0.000344053073710882,0.00819254402903979,-0.00668751052053729,0.00165524353547575,0.00117899075717265,0.00142598352724121,0.00100642481959312
2007-08-01,16863.527529018,86.116,4.47,0.158907481006051,2.28503407520487,0.0506055,0.05211784,-0.09619781,0.000548028088061352,9.73290843440557,4.45569522459908,0.0113026080846286,0.00148747296519325,-0.49,-0.00330301900166852,0.00153766613752815,-0.000344053073710882,0.00819254402903979,0.00150133577229283,0.00165524353547575,0.00117899075717265,0.00142598352724121
2007-09-01,16893.0293233277,86.351,4.14,0.0920238743737274,2.2533671596214,-0.0872204,-0.18063154,-0.02446057,-0.129420098280327,9.73465634974835,4.45842038530154,0.00174791534278285,0.00272516070246009,-0.33,0.0113026080846286,-0.00330301900166852,0.00153766613752815,-0.000344053073710882,0.00148747296519325,0.00150133577229283,0.00165524353547575,0.00117899075717265
2007-10-01,16875.5629073013,86.576,4.1,0.0112513492947501,2.18814372184231,0.0350048,0.05128583,0.00216665,0.102006729875313,9.73362187265409,4.46102264090038,-0.00103447709426163,0.00260225559883676,-0.04,0.00174791534278285,0.0113026080846286,-0.00330301900166852,0.00153766613752815,0.00272516070246009,0.00148747296519325,0.00150133577229283,0.00165524353547575
2007-11-01,16900.4153013306,86.746,3.5,0.36016609033949,2.76134197117763,0,0,0,0,9.73509347465246,4.46298430825381,0.00147160199836982,0.0019616673534264,-0.6,-0.00103447709426163,0.00174791534278285,0.0113026080846286,-0.00330301900166852,0.00260225559883676,0.00272516070246009,0.00148747296519325,0.00150133577229283
2007-12-01,16971.3561179868,86.92,3.26,0.518020551860191,2.84796174349416,-0.0499782,0.12345881,-0.08563301,0.118259181694361,9.73928226770406,4.46498815538823,0.0041887930516058,0.00200384713442325,-0.24,0.00147160199836982,-0.00103447709426163,0.00174791534278285,0.0113026080846286,0.0019616673534264,0.00260225559883676,0.00272516070246009,0.00148747296519325
2008-01-01,16995.3076093637,87.093,2.71,0.736542408701243,3.26581497152915,-0.0307264,0,0,-0.14276856279422,9.74069256195839,4.46697651323502,0.00141029425432926,0.00198835784679563,-0.55,0.0041887930516058,0.00147160199836982,-0.00103447709426163,0.00174791534278285,0.00200384713442325,0.0019616673534264,0.00260225559883676,0.00272516070246009
2008-02-01,16752.6503832631,87.178,2.05,0.948014749466466,3.53659475917141,0,0,0,0,9.72631175657248,4.46795200550557,-0.0143808053859154,0.000975492270548273,-0.66,0.00141029425432926,0.0041887930516058,0.00147160199836982,-0.00103447709426163,0.00198835784679563,0.00200384713442325,0.0019616673534264,0.00260225559883676
2008-03-01,16783.0217936557,87.349,1.54,1.16993893299938,3.77115901576164,0.1344458,0.04887894,0.10537676,0.139765704130569,9.72812304686276,4.46991158831763,0.00181129029028249,0.00195958281205222,-0.51,-0.0143808053859154,0.00141029425432926,0.0041887930516058,0.00147160199836982,0.000975492270548273,0.00198835784679563,0.00200384713442325,0.0019616673534264
2008-04-01,16841.2158274292,87.4,1.74,0.677983804074845,3.26714302604885,-0.0084365,-0.04946295,-0.03019071,-0.0526605573759184,9.73158448396857,4.47049528266149,0.00346143710580726,0.000583694343863961,0.2,0.00181129029028249,-0.0143808053859154,0.00141029425432926,0.0041887930516058,0.00195958281205222,0.000975492270548273,0.00198835784679563,0.00200384713442325
2008-05-01,16891.163486972,87.559,2.06,0.687666647311948,3.11044097312588,0,0,0,0,9.73454589357329,4.47231285184938,0.00296140960472613,0.00181756918789144,0.32,0.00346143710580726,0.00181129029028249,-0.0143808053859154,0.00141029425432926,0.000583694343863961,0.00195958281205222,0.000975492270548273,0.00198835784679563
2008-06-01,17098.8430161518,87.76,2.42,0.827745484494406,3.43596538244438,0.0026595,-0.02870171,-0.02468947,-0.0482210641987873,9.74676608032756,4.47460581596698,0.0122201867542611,0.00229296411759439,0.36,0.00296140960472613,0.00346143710580726,0.00181129029028249,-0.0143808053859154,0.00181756918789144,0.000583694343863961,0.00195958281205222,0.000975492270548273
2008-07-01,16968.6794505039,87.918,2.28,1.08159171224504,3.6694905803403,0,0,0,0,9.73912453849467,4.47640456188394,-0.00764154183288213,0.00179874591696816,-0.14,0.0122201867542611,0.00296140960472613,0.00346143710580726,0.00181129029028249,0.00229296411759439,0.00181756918789144,0.000583694343863961,0.00195958281205222
2008-08-01,16898.1545722601,88.026,2.18,1.23146868757685,3.77602712455163,-0.0055921,-0.02594723,-0.01005915,0.0177691601606116,9.73495969804106,4.47763222538556,-0.00416484045361187,0.00122766350161818,-0.0999999999999996,-0.00764154183288213,0.0122201867542611,0.00296140960472613,0.00346143710580726,0.00179874591696816,0.00229296411759439,0.00181756918789144,0.000583694343863961
2008-09-01,16697.4966514652,88.116,1.91,1.78238614871826,4.7761317537836,0.0918361,0.09000567,0.0155486,0.186478941112954,9.72301408605868,4.47865412825747,-0.0119456119823766,0.00102190287191206,-0.27,-0.00416484045361187,-0.00764154183288213,0.0122201867542611,0.00296140960472613,0.00122766350161818,0.00179874591696816,0.00229296411759439,0.00181756918789144
2008-10-01,16568.1785672283,87.991,1.42,3.40931235178372,7.13802977041256,-0.0916879,0,0,0.101345022926147,9.71523918085584,4.47723453652072,-0.00777490520284374,-0.00141959173675232,-0.49,-0.0119456119823766,-0.00416484045361187,-0.00764154183288213,0.0122201867542611,0.00102190287191206,0.00122766350161818,0.00179874591696816,0.00229296411759439
2008-11-01,16584.7376997762,87.952,1.07,3.15278983303052,7.84439534597149,0,-0.14326451,0.05079562,0,9.71623813574666,4.4767912111183,0.00099895489082158,-0.000443325402416761,-0.35,-0.00777490520284374,-0.0119456119823766,-0.00416484045361187,-0.00764154183288213,-0.00141959173675232,0.00102190287191206,0.00122766350161818,0.00179874591696816
2008-12-01,16304.2021672961,87.909,0.49,3.34538863160099,7.66028507998012,-0.0403217,-0.21803775,-0.02957252,-0.101565017494515,9.69917815524432,4.47630218852823,-0.0170599805023421,-0.000489022590079102,-0.58,0.00099895489082158,-0.00777490520284374,-0.0119456119823766,-0.00416484045361187,-0.000443325402416761,-0.00141959173675232,0.00102190287191206,0.00122766350161818
2009-01-01,16347.8125419494,87.882,0.44,2.81587830825045,6.38829156905976,-0.0843397,0.00641096,-0.01692673,0.0321153644634783,9.70184937789157,4.47599500556422,0.00267122264725117,-0.000307182964000674,-0.05,-0.0170599805023421,0.00099895489082158,-0.00777490520284374,-0.0119456119823766,-0.000489022590079102,-0.000443325402416761,-0.00141959173675232,0.00102190287191206
2009-02-01,16291.8806453739,87.952,0.62,3.19333066707112,6.19865205965729,0,0,0,0,9.6984221427762,4.4767912111183,-0.00342723511536924,0.000796205554079776,0.18,0.00267122264725117,-0.0170599805023421,0.00099895489082158,-0.00777490520284374,-0.000307182964000674,-0.000489022590079102,-0.000443325402416761,-0.00141959173675232
2009-03-01,16255.8389666483,88.015,0.64,2.77290873466668,6.31633177379922,-0.1537892,-0.13734412,0.07653827,-0.00699490787602772,9.69620744424206,4.47750725449794,-0.00221469853414646,0.000716043379631159,0.02,-0.00342723511536924,0.00267122264725117,-0.0170599805023421,0.00099895489082158,0.000796205554079776,-0.000307182964000674,-0.000489022590079102,-0.000443325402416761
2009-04-01,16254.2502275523,88.211,0.55,2.26504648797358,5.42293669335514,0.015597,-0.02841811,0.04526419,0.0421986841939132,9.69610970602376,4.47973167178957,-9.7738218297394e-05,0.00222441729163503,-0.09,-0.00221469853414646,-0.00342723511536924,0.00267122264725117,-0.0170599805023421,0.000716043379631159,0.000796205554079776,-0.000307182964000674,-0.000489022590079102
2009-05-01,16274.625723859,88.279,0.5,1.37363988120024,4.81110062348252,0,0,0,0,9.69736246981442,4.48050225373036,0.00125276379066541,0.000770581940788162,-0.05,-9.7738218297394e-05,-0.00221469853414646,-0.00342723511536924,0.00267122264725117,0.00222441729163503,0.000716043379631159,0.000796205554079776,-0.000307182964000674
2009-06-01,16279.1549564902,88.392,0.51,0.934782975129598,4.17117230729949,-0.0131063,0.05945053,-0.02100717,0.0714058925383901,9.69764073135983,4.48178146781087,0.00027826154540378,0.00127921408051446,0.01,0.00125276379066541,-9.7738218297394e-05,-0.00221469853414646,-0.00342723511536924,0.000770581940788162,0.00222441729163503,0.000716043379631159,0.000796205554079776
2009-07-01,16264.8124189392,88.468,0.48,0.330154613688646,3.55752333405984,0,0,0,0,9.69675930603672,4.48264090470648,-0.000881425323109752,0.00085943689560164,-0.03,0.00027826154540378,0.00125276379066541,-9.7738218297394e-05,-0.00221469853414646,0.00127921408051446,0.000770581940788162,0.00222441729163503,0.000716043379631159
2009-08-01,16346.7279181172,88.599,0.46,0.0651052149909765,3.33796484222871,-0.0816733,0.00856286,-0.02270942,0.020808341974346,9.70178302896497,4.48412057086562,0.0050237229282537,0.00147966615914985,-0.02,-0.000881425323109752,0.00027826154540378,0.00125276379066541,-9.7738218297394e-05,0.00085943689560164,0.00127921408051446,0.000770581940788162,0.00222441729163503
2009-09-01,16368.018430493,88.755,0.4,0.0647468841964831,2.97780436030278,-0.0452133,-0.07525592,-0.01272201,-0.0921424736241029,9.70308461419841,4.48587976479677,0.00130158523343837,0.0017591939311421,-0.06,0.0050237229282537,-0.000881425323109752,0.00027826154540378,0.00125276379066541,0.00147966615914985,0.00085943689560164,0.00127921408051446,0.000770581940788162
2009-10-01,16568.610659415,89.082,0.37,-0.137192367199943,2.86157186012433,0,0,0,0,9.71526526015905,4.48955729386591,0.0121806459606351,0.00367752906914642,-0.03,0.00130158523343837,0.0050237229282537,-0.000881425323109752,0.00027826154540378,0.0017591939311421,0.00147966615914985,0.00085943689560164,0.00127921408051446
2009-11-01,16516.2522276534,89.16,0.31,0.0034607381480507,2.85596886951809,-0.0463718,-0.01754564,-0.00734826,-0.00944798175701555,9.71210015860488,4.49043250851767,-0.00316510155416339,0.000875214651754774,-0.06,0.0121806459606351,0.00130158523343837,0.0050237229282537,-0.000881425323109752,0.00367752906914642,0.0017591939311421,0.00147966615914985,0.00085943689560164
2009-12-01,16424.1141050048,89.236,0.37,-0.477443874827091,2.42194627538071,-0.0085607,0.00389324,-0.0022706,0.0111786303432645,9.70650590612987,4.4912845456104,-0.00559425247501011,0.000852037092735181,0.06,-0.00316510155416339,0.0121806459606351,0.00130158523343837,0.0050237229282537,0.000875214651754774,0.00367752906914642,0.0017591939311421,0.00147966615914985
2010-01-01,16525.7045059879,89.368,0.35,-0.188741675163904,2.4103601762564,0.0418616,0.00812921,0.01955084,0.0638855596928415,9.71267229654868,4.49276267626855,0.00616639041880873,0.00147813065814351,-0.02,-0.00559425247501011,-0.00316510155416339,0.0121806459606351,0.00130158523343837,0.000852037092735181,0.000875214651754774,0.00367752906914642,0.0017591939311421
2010-02-01,16562.6196041541,89.446,0.35,0.00936587090819562,2.44552553837428,0,0,0,0,9.71490360408539,4.49363509123546,0.00223130753671263,0.000872414966917923,0,0.00616639041880873,-0.00559425247501011,-0.00316510155416339,0.0121806459606351,0.00147813065814351,0.000852037092735181,0.000875214651754774,0.00367752906914642
2010-03-01,16660.2144967882,89.579,0.4,-0.149279306741566,2.23641019389035,0.0019144,-0.02932954,-0.00649456,-0.0135092287850504,9.72077879059523,4.49512091751077,0.00587518650983476,0.00148582627530747,0.05,0.00223130753671263,0.00616639041880873,-0.00559425247501011,-0.00316510155416339,0.000872414966917923,0.00147813065814351,0.000852037092735181,0.000875214651754774
2010-04-01,16725.5639908791,89.625,0.45,-0.264114697480963,2.12752413614686,0.0004035,-0.01323657,0.00651472,-0.00178152638035235,9.72469360585562,4.49563429891978,0.00391481526039605,0.000513381409012581,0.05,0.00587518650983476,0.00223130753671263,0.00616639041880873,-0.00559425247501011,0.00148582627530747,0.000872414966917923,0.00147813065814351,0.000852037092735181
2010-05-01,16713.6264524638,89.724,0.37,-0.118397285906942,2.58677684701849,0,0,0,0,9.7239796209317,4.49673829180578,-0.000713984923926603,0.00110399288599439,-0.08,0.00391481526039605,0.00587518650983476,0.00223130753671263,0.00616639041880873,0.000513381409012581,0.00148582627530747,0.000872414966917923,0.00147813065814351
2010-06-01,16790.8937443274,89.767,0.32,0.0622153867797928,2.71886467530611,-0.0050923,-0.01862923,0.02240633,0.0281844931372236,9.72859197940696,4.49721742447341,0.00461235847526176,0.000479132667627447,-0.05,-0.000713984923926603,0.00391481526039605,0.00587518650983476,0.00223130753671263,0.00110399288599439,0.000513381409012581,0.00148582627530747,0.000872414966917923
2010-07-01,16870.089171313,89.769,0.29,0.19493184554531,2.55884525811883,0,0,0,0,9.73329746131816,4.49723970412763,0.00470548191120201,2.22796542210801e-05,-0.03,0.00461235847526176,-0.000713984923926603,0.00391481526039605,0.00587518650983476,0.000479132667627447,0.00110399288599439,0.000513381409012581,0.00148582627530747
2010-08-01,16829.0832739323,89.855,0.26,-0.261824355141085,2.70690794835621,-0.0448109,-0.04921364,0.0312819,-0.0128537036900249,9.73086381594091,4.49819725998399,-0.00243364537725022,0.000957555856357928,-0.03,0.00470548191120201,0.00461235847526176,-0.000713984923926603,0.00391481526039605,2.22796542210801e-05,0.000479132667627447,0.00110399288599439,0.000513381409012581
2010-09-01,16918.1811826581,89.906,0.26,0.0232038037890501,2.54610717492437,-0.0021776,-0.03793715,0.03227822,-0.0209163558897792,9.73614413226743,4.49876468007364,0.0052803163265196,0.000567420089655712,0,-0.00243364537725022,0.00470548191120201,0.00461235847526176,-0.000713984923926603,0.000957555856357928,2.22796542210801e-05,0.000479132667627447,0.00110399288599439
2010-10-01,16955.9342065223,90.043,0.23,0.0247262517482571,2.41815061718113,0,0,0,0,9.73837315221743,4.50028733400858,0.00222901995000413,0.00152265393494044,-0.03,0.0052803163265196,-0.00243364537725022,0.00470548191120201,0.00461235847526176,0.000567420089655712,0.000957555856357928,2.22796542210801e-05,0.000479132667627447
2010-11-01,16904.7821818363,90.16,0.25,-0.106019751428541,2.42166724436424,-0.1892908,0.01687414,-0.01873329,-0.0227249067442513,9.73535183022232,4.50158586973152,-0.0030213219951154,0.00129853572293914,0.02,0.00222901995000413,0.0052803163265196,-0.00243364537725022,0.00470548191120201,0.00152265393494044,0.000567420089655712,0.000957555856357928,2.22796542210801e-05
2010-12-01,17022.5191010545,90.179,0.29,-0.390633695439619,2.23190216639235,-0.0165362,-0.00309579,-0.00157583,-0.0267360367255389,9.74229239946279,4.50179658399821,0.00694056924047359,0.000210714266690282,0.04,-0.0030213219951154,0.00222901995000413,0.0052803163265196,-0.00243364537725022,0.00129853572293914,0.00152265393494044,0.000567420089655712,0.000957555856357928
2011-01-01,16862.6966852723,90.372,0.27,0.00565385492311865,2.12096919047592,-0.0541005,0.0007705,-0.00871481,-0.0190844479010483,9.73285916451158,4.50393448490721,-0.0094332349512154,0.00213790090900368,-0.02,0.00694056924047359,-0.0030213219951154,0.00222901995000413,0.0052803163265196,0.000210714266690282,0.00129853572293914,0.00152265393494044,0.000567420089655712
2011-02-01,16841.8694970461,90.53,0.29,-0.247884337540112,2.0111195577086,0,0,0,0,9.7316232968986,4.50568128748735,-0.00123586761297823,0.00174680258013371,0.02,-0.0094332349512154,0.00694056924047359,-0.0030213219951154,0.00222901995000413,0.00213790090900368,0.000210714266690282,0.00129853572293914,0.00152265393494044
2011-03-01,17057.8940041119,90.667,0.26,-0.290592184359496,1.97792733163035,0.0518514,-0.01279495,0.01956673,0.000562698197783509,9.74436836700771,4.50719345409172,0.0127450701091103,0.00151216660436937,-0.03,-0.00123586761297823,-0.0094332349512154,0.00694056924047359,-0.0030213219951154,0.00174680258013371,0.00213790090900368,0.000210714266690282,0.00129853572293914
2011-04-01,17096.8528024547,90.875,0.25,-0.238101577977492,1.99004032066588,-0.0448055,-0.01553016,0.00519344,-0.0274720275802962,9.74664967891201,4.50948493585368,0.00228131190430503,0.00229148176196503,-0.01,0.0127450701091103,-0.00123586761297823,-0.0094332349512154,0.00694056924047359,0.00151216660436937,0.00174680258013371,0.00213790090900368,0.000210714266690282
2011-05-01,17037.7874995744,91.091,0.19,-0.109108555268877,2.07553191961625,0,0,0,0,9.74318895037889,4.51185900684993,-0.00346072853312762,0.00237407099625031,-0.06,0.00228131190430503,0.0127450701091103,-0.00123586761297823,-0.0094332349512154,0.00229148176196503,0.00151216660436937,0.00174680258013371,0.00213790090900368
2011-06-01,16971.3738201726,91.191,0.18,0.00712564327379761,2.16296703659615,-0.0007113,-0.00460338,0.00798927,0.0114072800573089,9.73928331076606,4.51295620800015,-0.00390563961282808,0.00109720115021883,-0.01,-0.00346072853312762,0.00228131190430503,0.0127450701091103,-0.00123586761297823,0.00237407099625031,0.00229148176196503,0.00151216660436937,0.00174680258013371
2011-07-01,17031.9792757357,91.326,0.19,-0.0327144779340402,2.23004756052879,0,0,0,0,9.74284798978862,4.51443552252558,0.00356467902256341,0.00147931452543215,0.01,-0.00390563961282808,-0.00346072853312762,0.00228131190430503,0.0127450701091103,0.00109720115021883,0.00237407099625031,0.00229148176196503,0.00151216660436937
2011-08-01,17102.2285252925,91.508,0.11,-0.0684101366728531,2.83372816582518,-0.0379267,0.03874492,-0.06509542,-0.00140689774739042,9.74696405711595,4.51642640015354,0.00411606732732928,0.00199087762795269,-0.08,0.00356467902256341,-0.00390563961282808,-0.00346072853312762,0.00228131190430503,0.00147931452543215,0.00109720115021883,0.00237407099625031,0.00229148176196503
2011-09-01,16960.4137083444,91.57,0.1,0.467678962070139,3.11960470523282,0.186289,0.06316581,-0.00886996,0.0528438989226402,9.73863730222907,4.51710370711964,-0.00832675488688217,0.000677306966103686,-0.01,0.00411606732732928,0.00356467902256341,-0.00390563961282808,-0.00346072853312762,0.00199087762795269,0.00147931452543215,0.00109720115021883,0.00237407099625031
2011-10-01,17249.3619681605,91.614,0.11,-0.0619834366091148,2.81155580541242,0,0,0,0,9.75553043442244,4.51758409842943,0.0168931321933741,0.000480391309788608,0.01,-0.00832675488688217,0.00411606732732928,0.00356467902256341,-0.00390563961282808,0.000677306966103686,0.00199087762795269,0.00147931452543215,0.00109720115021883
2011-11-01,17209.1223618508,91.808,0.11,0.532617726226456,2.99697374281046,-0.0377775,0.01306665,-0.00348857,0.0312299763697866,9.7531948920802,4.51969943979895,-0.00233554234224442,0.0021153413695254,0,0.0168931321933741,-0.00832675488688217,0.00411606732732928,0.00356467902256341,0.000480391309788608,0.000677306966103686,0.00199087762795269,0.00147931452543215
2011-12-01,17210.0344456901,91.96,0.12,0.313968019054395,2.88784624820931,0.0544598,0.05270119,-0.0432921,0.021357730543943,9.75324789069633,4.52135369989498,5.29986161268425e-05,0.00165426009602587,0.01,-0.00233554234224442,0.0168931321933741,-0.00832675488688217,0.00411606732732928,0.0021153413695254,0.000480391309788608,0.000677306966103686,0.00199087762795269
2012-01-01,17263.3507179634,92.235,0.12,0.220129437135025,2.76768812419766,-0.0553059,-0.02694354,0.00891939,-0.0374117754520469,9.75634107777558,4.52433966807354,0.00309318707925854,0.002985968178562,0,5.29986161268425e-05,-0.00233554234224442,0.0168931321933741,-0.00832675488688217,0.00165426009602587,0.0021153413695254,0.000480391309788608,0.000677306966103686
2012-02-01,17513.332776069,92.364,0.16,0.0937087210310294,2.52018696446011,0,0,0,0,9.77071774275199,4.52573729234018,0.0143766649764032,0.00139762426663825,0.04,0.00309318707925854,5.29986161268425e-05,-0.00233554234224442,0.0168931321933741,0.002985968178562,0.00165426009602587,0.0021153413695254,0.000480391309788608
2012-03-01,17324.8983772311,92.521,0.19,-0.31018153580301,2.44745922796307,-0.0294251,0.00270337,0.00535414,-0.0176935368656218,9.75989995836881,4.52743564577867,-0.0108177843831729,0.00169835343849023,0.03,0.0143766649764032,0.00309318707925854,5.29986161268425e-05,-0.00233554234224442,0.00139762426663825,0.002985968178562,0.00165426009602587,0.0021153413695254
2012-04-01,17411.1506120864,92.661,0.18,-0.126296101107348,2.53813791578806,-0.0286479,0.00098177,-0.00098177,-0.0106780711201738,9.76486611972758,4.52894767207359,0.0049661613587606,0.00151202629491642,-0.01,-0.0108177843831729,0.0143766649764032,0.00309318707925854,5.29986161268425e-05,0.00169835343849023,0.00139762426663825,0.002985968178562,0.00165426009602587
2012-05-01,17479.3998219288,92.755,0.19,-0.0409796893147769,2.80882971179306,0,0,0,0,9.76877831349013,4.52996160839034,0.00391219376255592,0.00101393631674895,0.01,0.0049661613587606,-0.0108177843831729,0.0143766649764032,0.00309318707925854,0.00151202629491642,0.00169835343849023,0.00139762426663825,0.002985968178562
2012-06-01,17443.6185114784,92.85,0.19,0.20285532192641,2.76033544169666,0.0364402,0.009776,0.00654326,0.034554703118763,9.76672915939758,4.53098528779871,-0.00204915409254625,0.00102367940837844,0,0.00391219376255592,0.0049661613587606,-0.0108177843831729,0.0143766649764032,0.00101393631674895,0.00151202629491642,0.00169835343849023,0.00139762426663825
2012-07-01,17522.8095796095,92.946,0.19,0.0353286614664823,2.61230065655147,0,0,0,0,9.77125871576639,4.53201867935228,0.00452955636880681,0.00103339155356608,0,-0.00204915409254625,0.00391219376255592,0.0049661613587606,-0.0108177843831729,0.00102367940837844,0.00101393631674895,0.00151202629491642,0.00169835343849023
2012-08-01,17418.5083489391,93.005,0.18,-0.167517271484942,2.53890200694308,-0.006756,0.01623685,-0.00349314,0.00719231446976457,9.76528861809142,4.53265325514891,-0.0059700976749717,0.000634575796633285,-0.01,0.00452955636880681,-0.00204915409254625,0.00391219376255592,0.0049661613587606,0.00103339155356608,0.00102367940837844,0.00101393631674895,0.00151202629491642
2012-09-01,17468.2673823468,93.119,0.18,-0.116349046475303,2.41617292856785,-0.0591918,-0.0282545,0.04402613,-0.0248259532794063,9.76814122146945,4.53387824509385,0.0028526033780345,0.00122498994493636,0,-0.0059700976749717,0.00452955636880681,-0.00204915409254625,0.00391219376255592,0.000634575796633285,0.00103339155356608,0.00102367940837844,0.00101393631674895
2012-10-01,17414.506846462,93.345,0.18,-0.149373965749306,2.25582291781738,-0.0292267,8.339e-05,-8.339e-05,-0.0135604891199789,9.76505886465364,4.53630230668929,-0.00308235681581515,0.00242406159544029,0,0.0028526033780345,-0.0059700976749717,0.00452955636880681,-0.00204915409254625,0.00122498994493636,0.000634575796633285,0.00103339155356608,0.00102367940837844
2012-11-01,17490.2643855659,93.445,0.18,-0.0186286477657278,2.35073143922993,0,0,0,0,9.76939968428295,4.53737302792227,0.00434081962931465,0.00107072123297502,0,-0.00308235681581515,0.0028526033780345,-0.0059700976749717,0.00452955636880681,0.00242406159544029,0.00122498994493636,0.000634575796633285,0.00103339155356608
2012-12-01,17565.4698414416,93.514,0.16,-0.136034864415691,2.24729530025786,-0.0449777,-0.02505452,0.02148958,-0.0162259192701045,9.77369031307214,4.53811115770615,0.00429062878918529,0.000738129783885988,-0.02,0.00434081962931465,-0.00308235681581515,0.0028526033780345,-0.0059700976749717,0.00107072123297502,0.00242406159544029,0.00122498994493636,0.000634575796633285
2013-01-01,17726.1104401712,93.703,0.15,-0.0666045595127711,2.12741943175995,-0.0223208,0.00286222,-0.00624811,-0.0218032622393768,9.78279399768462,4.54013020580761,0.0091036846124819,0.00201904810146303,-0.01,0.00429062878918529,0.00434081962931465,-0.00308235681581515,0.0028526033780345,0.000738129783885988,0.00107072123297502,0.00242406159544029,0.00122498994493636
2013-02-01,17600.903970073,93.805,0.16,-0.00177599275059536,2.17429053251812,0,0,0,0,9.77570554164323,4.54121815949557,-0.00708845604139086,0.00108795368795978,0.01,0.0091036846124819,0.00429062878918529,0.00434081962931465,-0.00308235681581515,0.00201904810146303,0.000738129783885988,0.00107072123297502,0.00242406159544029
2013-03-01,17660.827735482,93.891,0.15,-0.0674636329590457,2.1507764110088,-0.0338093,-0.00553648,0.00737555,-0.0179200805471172,9.7791043436984,4.54213453497527,0.0033988020551714,0.000916375479691922,-0.01,-0.00708845604139086,0.0091036846124819,0.00429062878918529,0.00434081962931465,0.00108795368795978,0.00201904810146303,0.000738129783885988,0.00107072123297502
2013-04-01,17690.6261182442,93.937,0.12,-0.0937643708112454,2.09091626097313,0,0,0,0,9.78079018043614,4.54262434481107,0.00168583673774059,0.000489809835803712,-0.03,0.0033988020551714,-0.00708845604139086,0.0091036846124819,0.00429062878918529,0.000916375479691922,0.00108795368795978,0.00201904810146303,0.000738129783885988
2013-05-01,17657.6790269064,94.047,0.12,-0.473367753375527,2.00122924703056,0.0316542,-0.00774815,0.0088745,-0.0126314154075169,9.77892604009088,4.54379465731165,-0.00186414034525839,0.00117031250058464,0,0.00168583673774059,0.0033988020551714,-0.00708845604139086,0.0091036846124819,0.000489809835803712,0.000916375479691922,0.00108795368795978,0.00201904810146303
2013-06-01,17781.3001103262,94.209,0.14,-0.341224974970103,2.17649125151285,0.0516941,0.00614461,-0.00138543,-0.0058222395224707,9.7859026284602,4.5455157184198,0.00697658836931403,0.00172106110814774,0.02,-0.00186414034525839,0.00168583673774059,0.0033988020551714,-0.00708845604139086,0.00117031250058464,0.000489809835803712,0.000916375479691922,0.00108795368795978
2013-07-01,17796.1853947407,94.329,0.12,0.00417307669219235,2.05147876452438,0.0243002,-0.00013405,-0.00398423,-0.00103644005495493,9.78673940964761,4.54678867152426,0.000836781187414815,0.00127295310445685,-0.02,0.00697658836931403,-0.00186414034525839,0.00168583673774059,0.0033988020551714,0.00172106110814774,0.00117031250058464,0.000489809835803712,0.000916375479691922
2013-08-01,17896.9588067581,94.431,0.13,-0.112118114262674,2.02370701718141,0,0,0,0,9.79238607833057,4.54786940907382,0.00564666868296015,0.00108073754956539,0.01,0.000836781187414815,0.00697658836931403,-0.00186414034525839,0.00168583673774059,0.00127295310445685,0.00172106110814774,0.00117031250058464,0.000489809835803712
2013-09-01,17888.7938802683,94.543,0.12,-0.119501006708793,2.09442969469217,-0.0499101,-0.06719709,0.0520097,-0.0193434860631585,9.79192975557537,4.54905475746158,-0.000456322755198357,0.00118534838775464,-0.01,0.00564666868296015,0.000836781187414815,0.00697658836931403,-0.00186414034525839,0.00108073754956539,0.00127295310445685,0.00172106110814774,0.00117031250058464
2013-10-01,17981.1682404951,94.703,0.12,-0.0223860626637202,1.99857580444479,-0.007441,0.01847807,-0.01626471,-0.0236417994772789,9.79708028035842,4.55074567867654,0.00515052478304234,0.00169092121495673,0,-0.000456322755198357,0.00564666868296015,0.000836781187414815,0.00697658836931403,0.00118534838775464,0.00108073754956539,0.00127295310445685,0.00172106110814774
2013-11-01,18055.7082880518,94.86,0.12,0.0175460209816185,1.95209092859893,0,0,0,0,9.80121716241049,4.55240212044944,0.00413688205207663,0.0016564417728997,0,0.00515052478304234,-0.000456322755198357,0.00564666868296015,0.000836781187414815,0.00169092121495673,0.00118534838775464,0.00108073754956539,0.00127295310445685
2013-12-01,18012.0785247011,94.961,0.13,-0.140980057663141,1.79754902779203,-0.0061906,-0.04424307,0.04559465,-0.0246400511934054,9.79879784098897,4.55346628099575,-0.00241932142152379,0.00106416054631797,0.01,0.00413688205207663,0.00515052478304234,-0.000456322755198357,0.00564666868296015,0.0016564417728997,0.00169092121495673,0.00118534838775464,0.00108073754956539
2014-01-01,17884.2473134841,95.064,0.12,-0.295184524195542,1.85488035626315,0.0116536,0.02547689,-0.02220156,-0.00110242153342018,9.79167556601491,4.55455034898772,-0.00712227497405493,0.00108406799197081,-0.01,-0.00241932142152379,0.00413688205207663,0.00515052478304234,-0.000456322755198357,0.00106416054631797,0.0016564417728997,0.00169092121495673,0.00118534838775464
2014-02-01,17991.3086914995,95.109,0.12,-0.194550425461559,1.75558577070194,0,0,0,0,9.79764406979622,4.5550236022975,0.00596850378130931,0.000473253309775323,0,-0.00712227497405493,-0.00241932142152379,0.00413688205207663,0.00515052478304234,0.00108406799197081,0.00106416054631797,0.0016564417728997,0.00169092121495673
2014-03-01,17986.866376274,95.25,0.13,-0.265584718726825,1.70561086038966,0.0974278,0.02016519,-0.00405018,0.00195226474134467,9.79739712479472,4.55650501400681,-0.000246945001501686,0.00148141170931027,0.01,0.00596850378130931,-0.00712227497405493,-0.00241932142152379,0.00413688205207663,0.000473253309775323,0.00108406799197081,0.00106416054631797,0.0016564417728997
2014-04-01,18109.7252926871,95.413,0.11,-0.34796860523435,1.64968642612088,-0.0094473,-0.00048461,0.00159129,-0.0116297053188086,9.80420438194337,4.55821483751437,0.00680725714864394,0.00170982350755811,-0.02,-0.000246945001501686,0.00596850378130931,-0.00712227497405493,-0.00241932142152379,0.00148141170931027,0.000473253309775323,0.00108406799197081,0.00106416054631797
2014-05-01,18199.8978292192,95.574,0.1,-0.363168536456221,1.6479140874895,0,0,0,0,9.80917125926996,4.55990081654056,0.00496687732659851,0.00168597902618739,-0.01,0.00680725714864394,-0.000246945001501686,0.00596850378130931,-0.00712227497405493,0.00170982350755811,0.00148141170931027,0.000473253309775323,0.00108406799197081
2014-06-01,18248.6175019835,95.682,0.1,-0.300151707329043,1.61700846123496,-0.0170654,-0.01532131,0.02227214,0.0127373163141494,9.81184460282524,4.56103019299389,0.00267334355527282,0.001129376453334,0,0.00496687732659851,0.00680725714864394,-0.000246945001501686,0.00596850378130931,0.00168597902618739,0.00170982350755811,0.00148141170931027,0.000473253309775323
2014-07-01,18371.4448939125,95.848,0.11,-0.31458492555098,1.67498380286295,-0.0262448,-0.02639344,0.02054929,0.00819868505301334,9.81855283020108,4.5627636033376,0.00670822737584231,0.00173341034370811,0.01,0.00267334355527282,0.00496687732659851,0.00680725714864394,-0.000246945001501686,0.001129376453334,0.00168597902618739,0.00170982350755811,0.00148141170931027
2014-08-01,18466.1720015813,95.885,0.11,-0.30813991497333,1.67166609139027,0,0,0,0,9.82369579679051,4.56314955672548,0.00514296658943003,0.000385953387881166,0,0.00670822737584231,0.00267334355527282,0.00496687732659851,0.00680725714864394,0.00173341034370811,0.001129376453334,0.00168597902618739,0.00170982350755811
2014-09-01,18383.7670034756,96.013,0.11,-0.212616274044513,1.82171337108193,0.0147312,-0.00785221,0.02157481,0.0379067275558601,9.81922332613287,4.56448359896649,-0.00447247065763534,0.00133404224101508,0,0.00514296658943003,0.00670822737584231,0.00267334355527282,0.00496687732659851,0.000385953387881166,0.00173341034370811,0.001129376453334,0.00168597902618739
2014-10-01,18491.4101586583,96.096,0.1,-0.210669743256496,1.92383797078901,0.0720776,0.02830176,-0.00646586,0.0627783484539157,9.82506158749028,4.56534769180092,0.00583826135740573,0.000864092834425456,-0.01,-0.00447247065763534,0.00514296658943003,0.00670822737584231,0.00267334355527282,0.00133404224101508,0.000385953387881166,0.00173341034370811,0.001129376453334
2014-11-01,18501.3165414136,96.181,0.13,0.0649049225919969,2.08730712835249,0,0,0,0,9.82559717293509,4.56623183296744,0.000535585444804809,0.000884141166515917,0.03,0.00583826135740573,-0.00447247065763534,0.00514296658943003,0.00670822737584231,0.000864092834425456,0.00133404224101508,0.000385953387881166,0.00173341034370811
2014-12-01,18507.8647820093,96.249,0.21,0.084750752773151,2.17894626238089,0.0211809,-0.06868336,0.01899448,-0.0146131936175369,9.82595104407894,4.56693858350353,0.00035387114385621,0.000706750536095591,0.08,0.000535585444804809,0.00583826135740573,-0.00447247065763534,0.00514296658943003,0.000884141166515917,0.000864092834425456,0.00133404224101508,0.000385953387881166
2015-01-01,18651.2042733861,96.214,0.2,-0.0381904935468556,2.25736501968587,0.0243021,0.01193557,-0.01783449,0.0393281272687309,9.83366599528678,4.56657487722871,0.00771495120784138,-0.000363706274824516,-0.00999999999999998,0.00035387114385621,0.000535585444804809,0.00583826135740573,-0.00447247065763534,0.000706750536095591,0.000884141166515917,0.000864092834425456,0.00133404224101508
2015-02-01,18732.1352878148,96.324,0.22,-0.29029686927867,2.01298413594022,0,0,0,0,9.83799579256087,4.56771750893744,0.00432979727408345,0.00114263170873308,0.02,0.00771495120784138,0.00035387114385621,0.000535585444804809,0.00583826135740573,-0.000363706274824516,0.000706750536095591,0.000884141166515917,0.000864092834425456
2015-03-01,18616.9566152158,96.47,0.25,-0.128734471042551,2.12348520773354,-0.036584,-0.11601336,0.05251251,-0.0354221766654862,9.83182809038382,4.56923207918246,-0.00616770217704143,0.00151457024502211,0.03,0.00432979727408345,0.00771495120784138,0.00035387114385621,0.000535585444804809,0.00114263170873308,-0.000363706274824516,0.000706750536095591,0.000884141166515917
2015-04-01,18783.4461255867,96.648,0.23,0.00794069312408485,2.09387539508264,-0.040165,-0.00547425,0.00547425,0.016443762888032,9.84073123569323,4.57107551221726,0.00890314530940728,0.00184343303480095,-0.02,-0.00616770217704143,0.00432979727408345,0.00771495120784138,0.00035387114385621,0.00151457024502211,0.00114263170873308,-0.000363706274824516,0.000706750536095591
2015-05-01,18750.1171459524,96.766,0.24,0.0538794019704576,2.10006592832443,0,0,0,0,9.83895527916317,4.57229569291401,-0.00177595653006435,0.00122018069674645,0.00999999999999998,0.00890314530940728,-0.00616770217704143,0.00432979727408345,0.00771495120784138,0.00184343303480095,0.00151457024502211,0.00114263170873308,-0.000363706274824516
2015-06-01,18813.4880509881,96.882,0.28,0.150843860880193,2.21867230277222,-0.0734485,-0.04060561,-0.0012497,-0.0470922926006034,9.84232934109481,4.57349374312754,0.00337406193164114,0.00119805021352981,0.04,-0.00177595653006435,0.00890314530940728,-0.00616770217704143,0.00432979727408345,0.00122018069674645,0.00184343303480095,0.00151457024502211,0.00114263170873308
2015-07-01,18823.0779726969,96.978,0.3,0.21334584137024,2.35259155552461,-0.0049794,-0.01221075,0.00285643,0.0334424365903971,9.84283894773163,4.57448414865573,0.000509606636818205,0.000990405528187743,0.02,0.00337406193164114,-0.00177595653006435,0.00890314530940728,-0.00616770217704143,0.00119805021352981,0.00122018069674645,0.00184343303480095,0.00151457024502211
2015-08-01,18827.7424779925,97.056,0.38,0.401628191930441,2.46528808446267,0,0,0,0,9.84308672481928,4.57528813150617,0.000247777087649226,0.000803982850444029,0.08,0.000509606636818205,0.00337406193164114,-0.00177595653006435,0.00890314530940728,0.000990405528187743,0.00119805021352981,0.00122018069674645,0.00184343303480095
2015-09-01,18921.7470559798,97.196,0.37,0.54122332464724,2.67908002704338,-0.044471,-0.04339063,-0.02667336,-0.0232536788932774,9.84806717745386,4.57672955835624,0.00498045263458202,0.00144142685007065,-0.01,0.000247777087649226,0.000509606636818205,0.00337406193164114,-0.00177595653006435,0.000803982850444029,0.000990405528187743,0.00119805021352981,0.00122018069674645
2015-10-01,18916.6159887562,97.228,0.26,0.426644064066382,2.45336927963145,0.0632791,0.05567073,-0.01595105,0.0673309770877837,9.84779596766347,4.57705873582702,-0.000271209790390969,0.000329177470774766,-0.11,0.00498045263458202,0.000247777087649226,0.000509606636818205,0.00337406193164114,0.00144142685007065,0.000803982850444029,0.000990405528187743,0.00119805021352981
2015-11-01,18839.2053830414,97.332,0.48,0.513103305339533,2.50984784721255,0,0,0,0,9.84369537011993,4.57812781487621,-0.00410059754353753,0.0010690790491914,0.22,-0.000271209790390969,0.00498045263458202,0.000247777087649226,0.000509606636818205,0.000329177470774766,0.00144142685007065,0.000803982850444029,0.000990405528187743
2015-12-01,18921.0173721596,97.396,0.65,0.682724415048209,2.72124737828241,0.0205194,0.00400708,0.02047476,0.0508260267360163,9.84802861347307,4.57878514204338,0.00433324335313579,0.00065732716717104,0.17,-0.00410059754353753,-0.000271209790390969,0.00498045263458202,0.000247777087649226,0.0010690790491914,0.000329177470774766,0.00144142685007065,0.000803982850444029
2016-01-01,18980.5812450481,97.567,0.54,0.922275560811427,3.11287517504696,-0.0158667,0.00788727,-0.03540162,0.0151658199484794,9.85117169577552,4.58053932149127,0.00314308230245608,0.00175417944788858,-0.11,0.00433324335313579,-0.00410059754353753,-0.000271209790390969,0.00498045263458202,0.00065732716717104,0.0010690790491914,0.000329177470774766,0.00144142685007065
2016-02-01,18956.2390030731,97.736,0.53,0.954497210686127,3.12888955781783,0,0,0,0,9.84988839131529,4.58226996610176,-0.00128330446023028,0.00173064461049144,-0.01,0.00314308230245608,0.00433324335313579,-0.00410059754353753,-0.000271209790390969,0.00175417944788858,0.00065732716717104,0.0010690790491914,0.000329177470774766
2016-03-01,19068.5455950261,97.876,0.66,0.587324533371777,2.71276538527658,-0.0743356,-0.05839254,-0.0267997,-0.0748836036812827,9.8557954290382,4.58370137137244,0.00590703772290624,0.00143140527067942,0.13,-0.00128330446023028,0.00314308230245608,0.00433324335313579,-0.00410059754353753,0.00173064461049144,0.00175417944788858,0.00065732716717104,0.0010690790491914
2016-04-01,19078.0552292176,98.117,0.56,0.242314451206914,2.43636123349693,0.0023269,-0.00910046,0.01985107,0.00311186046775568,9.85629401261749,4.58616064411651,0.000498583579297218,0.00245927274407176,-0.1,0.00590703772290624,-0.00128330446023028,0.00314308230245608,0.00433324335313579,0.00143140527067942,0.00173064461049144,0.00175417944788858,0.00065732716717104
2016-05-01,19050.434720401,98.284,0.59,0.255077308908171,2.40536252268195,0,0,0,0,9.85484520026303,4.58786124686545,-0.0014488123544627,0.00170060274894457,0.0299999999999999,0.000498583579297218,0.00590703772290624,-0.00128330446023028,0.00314308230245608,0.00245927274407176,0.00143140527067942,0.00173064461049144,0.00175417944788858
2016-06-01,19059.8527894819,98.386,0.55,0.0683317620605286,2.50561815583157,-0.0325347,-0.01878522,-0.02406902,-0.0495439243003383,9.85533945364646,4.58889851751319,0.000494253383429566,0.00103727064773906,-0.0399999999999999,-0.0014488123544627,0.000498583579297218,0.00590703772290624,-0.00128330446023028,0.00170060274894457,0.00245927274407176,0.00143140527067942,0.00173064461049144
2016-07-01,19115.4328470854,98.529,0.51,0.0155063447260386,2.31135346752335,0.010923,-0.00996101,0.01510129,0.0149763731468834,9.85825129024167,4.59035092108974,0.00291183659520478,0.00145240357654686,-0.04,0.000494253383429566,-0.0014488123544627,0.000498583579297218,0.00590703772290624,0.00103727064773906,0.00170060274894457,0.00245927274407176,0.00143140527067942
2016-08-01,19193.5911965804,98.703,0.57,-0.0141662935037714,2.11621784101853,0,0,0,0,9.8623317104502,4.59211534111429,0.00408042020853827,0.00176442002455079,0.0599999999999999,0.00291183659520478,0.000494253383429566,-0.0014488123544627,0.000498583579297218,0.00145240357654686,0.00103727064773906,0.00170060274894457,0.00245927274407176
2016-09-01,19284.8225851266,98.834,0.59,-0.0672629157274129,2.10712583923461,0.0242009,-0.03499897,-0.00027749,-0.0181734890618984,9.86707367096955,4.59344167510948,0.00474196051934861,0.001326333995193,0.02,0.00408042020853827,0.00291183659520478,0.000494253383429566,-0.0014488123544627,0.00176442002455079,0.00145240357654686,0.00103727064773906,0.00170060274894457
2016-10-01,19217.8449650131,98.961,0.66,-0.0681147203117241,1.91259568653934,0,0,0,0,9.86359455162875,4.59472583312614,-0.00347911934080436,0.00128415801665938,0.0700000000000001,0.00474196051934861,0.00408042020853827,0.00291183659520478,0.000494253383429566,0.001326333995193,0.00176442002455079,0.00145240357654686,0.00103727064773906
2016-11-01,19331.2787521518,99.005,0.74,-0.743296787804139,1.82312316884201,-0.0136485,-0.00200211,0.00531858,0.016207584487727,9.86947972377281,4.59517035390976,0.00588517214406359,0.000444520783614344,0.08,-0.00347911934080436,0.00474196051934861,0.00408042020853827,0.00291183659520478,0.00128415801665938,0.001326333995193,0.00176442002455079,0.00145240357654686
2016-12-01,19363.9505678273,99.12,0.87,-0.240304268811912,1.68689464201688,0.0796401,0.03285011,0.00427355,0.0304341515296413,9.87116839826906,4.59633123732089,0.00168867449624344,0.00116088341112874,0.13,0.00588517214406359,-0.00347911934080436,0.00474196051934861,0.00408042020853827,0.000444520783614344,0.00128415801665938,0.001326333995193,0.00176442002455079
2017-01-01,19348.8876322413,99.385,0.83,-0.192764150115894,1.64418876965125,0,0,0,0,9.87039021009963,4.59900119684256,-0.000778188169427096,0.00266995952167548,-0.04,0.00168867449624344,0.00588517214406359,-0.00347911934080436,0.00474196051934861,0.00116088341112874,0.000444520783614344,0.00128415801665938,0.001326333995193
2017-02-01,19374.8798253988,99.561,0.82,-0.178933670400549,1.59665057799918,0.001817,-0.01980932,-0.00070979,-0.012532213945938,9.87173265164225,4.6007705216434,0.00134244154262042,0.00176932480084258,-0.01,-0.000778188169427096,0.00168867449624344,0.00588517214406359,-0.00347911934080436,0.00266995952167548,0.00116088341112874,0.000444520783614344,0.00128415801665938
2017-03-01,19471.3036768446,99.519,1.01,-0.166143749440185,1.6319573920094,-0.0228038,-0.04013092,-0.00680166,-0.0348870330785052,9.87669705436011,4.60034858070887,0.00496440271786369,-0.000421940934530518,0.19,0.00134244154262042,-0.000778188169427096,0.00168867449624344,0.00588517214406359,0.00176932480084258,0.00266995952167548,0.00116088341112874,0.000444520783614344
2017-04-01,19396.717009004,99.723,1.04,-0.113673968169345,1.6198128427609,0,0,0,0,9.87285910439103,4.6023963424387,-0.00383794996908549,0.00204776172982157,0.03,0.00496440271786369,0.00134244154262042,-0.000778188169427096,0.00168867449624344,-0.000421940934530518,0.00176932480084258,0.00266995952167548,0.00116088341112874
2017-05-01,19514.837968602,99.803,1.12,-0.160543682076005,1.58491613107043,0.0348748,0.00462457,0.00918921,0.044746436246271,9.87893037666464,4.60319824298586,0.00607127227361559,0.000801900547166667,0.0800000000000001,-0.00383794996908549,0.00496440271786369,0.00134244154262042,-0.000778188169427096,0.00204776172982157,-0.000421940934530518,0.00176932480084258,0.00266995952167548
2017-06-01,19609.3332653836,99.937,1.2,-0.119420648556285,1.56396241053686,0.0349611,0.0119697,0.00716732,0.038315567021245,9.88376091888692,4.6045399874547,0.00483054222227786,0.00134174446884039,0.0799999999999998,0.00607127227361559,-0.00383794996908549,0.00496440271786369,0.00134244154262042,0.000801900547166667,0.00204776172982157,-0.000421940934530518,0.00176932480084258
2017-07-01,19604.0853973687,100.01,1.22,-0.143562864545033,1.50885017091606,-0.0287343,-0.00784022,-0.00535859,-0.0166299493199952,9.88349326213955,4.60527018098843,-0.000267656747366729,0.000730193533722279,0.02,0.00483054222227786,0.00607127227361559,-0.00383794996908549,0.00496440271786369,0.00134174446884039,0.000801900547166667,0.00204776172982157,-0.000421940934530518
2017-08-01,19634.4366091292,100.118,1.23,-0.0738717568548439,1.62335675805422,0,0,0,0,9.88504027340612,4.60634949033528,0.00154701126656143,0.00107930934685907,0.01,-0.000267656747366729,0.00483054222227786,0.00607127227361559,-0.00383794996908549,0.000730193533722279,0.00134174446884039,0.000801900547166667,0.00204776172982157
2017-09-01,19743.7500287352,100.24,1.28,-0.253036515000767,1.50810936154578,0.0321512,0.02964818,0.01236077,0.0687555511013104,9.8905922660058,4.60756731058781,0.00555199259968653,0.00121782025252859,0.05,0.00154701126656143,-0.000267656747366729,0.00483054222227786,0.00607127227361559,0.00107930934685907,0.000730193533722279,0.00134174446884039,0.000801900547166667
2017-10-01,19758.1049779652,100.486,1.4,-0.209524262223985,1.43693564001558,0,0,0,0,9.89131906477814,4.61001841431291,0.000726798772335613,0.00245110372509938,0.12,0.00555199259968653,0.00154701126656143,-0.000267656747366729,0.00483054222227786,0.00121782025252859,0.00107930934685907,0.000730193533722279,0.00134174446884039
2017-11-01,19912.8730783924,100.535,1.56,-0.127046294860894,1.45182535970231,0.0271779,-0.00415819,0.00598005,0.0196683274630667,9.89912168993192,4.61050592557761,0.00780262515378638,0.000487511264698703,0.16,0.000726798772335613,0.00555199259968653,0.00154701126656143,-0.000267656747366729,0.00245110372509938,0.00121782025252859,0.00107930934685907,0.000730193533722279
2017-12-01,19976.0145309344,100.683,1.7,-0.192033008742179,1.41158219166317,-0.010656,-0.00740095,0.0015568,0.00667188282593138,9.90228755937897,4.61197696720101,0.00316586944704333,0.00147104162340206,0.14,0.00780262515378638,0.000726798772335613,0.00555199259968653,0.00154701126656143,0.000487511264698703,0.00245110372509938,0.00121782025252859,0.00107930934685907
2018-01-01,20006.9975677249,101.007,1.8,-0.397677794358899,1.27679538823135,0.0430283,0.00869288,-0.00356267,0.00108074598828687,9.9038373697292,4.61518982137034,0.0015498103502356,0.00321285416932504,0.1,0.00316586944704333,0.00780262515378638,0.000726798772335613,0.00555199259968653,0.00147104162340206,0.000487511264698703,0.00245110372509938,0.00121782025252859
2018-02-01,20092.3421982067,101.198,1.96,-0.242237394480149,1.37489576294063,0,0,0,0,9.90809403629004,4.61707899381223,0.00425666656083301,0.00188917244188946,0.16,0.0015498103502356,0.00316586944704333,0.00780262515378638,0.000726798772335613,0.00321285416932504,0.00147104162340206,0.000487511264698703,0.00245110372509938
2018-03-01,20032.8631916363,101.419,2.06,-0.101422599583716,1.53648043197631,-0.0115837,-0.02133602,0.01981545,0.0138829291237717,9.90512936360825,4.61926045033009,-0.00296467268178979,0.00218145651786728,0.1,0.00425666656083301,0.0015498103502356,0.00316586944704333,0.00780262515378638,0.00188917244188946,0.00321285416932504,0.00147104162340206,0.000487511264698703
2018-04-01,20086.379876887,101.602,2.15,-0.282293901359953,1.4496385622869,0,0,0,0,9.90779724629496,4.62106321999,0.00266788268671014,0.00180276965990878,0.0899999999999999,-0.00296467268178979,0.00425666656083301,0.0015498103502356,0.00316586944704333,0.00218145651786728,0.00188917244188946,0.00321285416932504,0.00147104162340206
2018-05-01,20183.6492801631,101.78,2.27,-0.193855515166557,1.53533148686348,-0.0210374,-0.01105005,0.0058411,0.0202760487563795,9.91262811403849,4.62281362116069,0.00483086774353403,0.00175040117068281,0.12,0.00266788268671014,-0.00296467268178979,0.00425666656083301,0.0015498103502356,0.00180276965990878,0.00218145651786728,0.00188917244188946,0.00321285416932504
2018-06-01,20181.4094709137,101.872,2.33,0.027816429268217,1.62195147873376,0.0130099,0.01696951,0.00096195,0.0365336453573368,9.91251713640977,4.62371712327467,-0.000110977628720477,0.000903502113983379,0.0600000000000001,0.00483086774353403,0.00266788268671014,-0.00296467268178979,0.00425666656083301,0.00175040117068281,0.00180276965990878,0.00218145651786728,0.00188917244188946
2018-07-01,20258.8710727557,102.006,2.39,-0.125270514006334,1.48767448268253,0,0,0,0,9.91634805427363,4.62503163508365,0.0038309178638567,0.00131451180897724,0.0600000000000001,-0.000110977628720477,0.00483086774353403,0.00266788268671014,-0.00296467268178979,0.000903502113983379,0.00175040117068281,0.00180276965990878,0.00218145651786728
2018-08-01,20294.3417568605,102.016,2.45,-0.0939660635678945,1.52298081023598,-0.0146746,-0.00275144,-0.00022723,0.0149205355500535,9.91809739498798,4.6251296637277,0.00174934071435651,9.8028644048398e-05,0.0600000000000001,0.0038309178638567,-0.000110977628720477,0.00483086774353403,0.00266788268671014,0.00131451180897724,0.000903502113983379,0.00175040117068281,0.00180276965990878
2018-09-01,20275.2822173905,102.205,2.56,-0.175338495859748,1.43145026329327,0.0064654,-0.01284894,0.01391194,0.0173330236976192,9.91715779836346,4.62698060025194,-0.000939596624524697,0.00185093652424495,0.11,0.00174934071435651,0.0038309178638567,-0.000110977628720477,0.00483086774353403,9.8028644048398e-05,0.00131451180897724,0.000903502113983379,0.00175040117068281
2018-10-01,20281.8919283674,102.366,2.65,0.00375017187300508,1.58347554920652,0,0,0,0,9.91748374370727,4.62855462622083,0.000325945343808698,0.00157402596888723,0.0899999999999999,-0.000939596624524697,0.00174934071435651,0.0038309178638567,-0.000110977628720477,0.00185093652424495,9.8028644048398e-05,0.00131451180897724,0.000903502113983379
2018-11-01,20302.7374129606,102.556,2.7,0.149260208581632,1.78929434504162,0.0215585,-0.00350011,0.0076672,0.0310261308984109,9.91851100386781,4.63040899085172,0.00102726016054078,0.00185436463088973,0.0500000000000003,0.000325945343808698,-0.000939596624524697,0.00174934071435651,0.0038309178638567,0.00157402596888723,0.00185093652424495,9.8028644048398e-05,0.00131451180897724
2018-12-01,20330.017814459,102.735,2.66,0.351063541172697,2.0769838753615,0.0365571,0.06726481,-0.04407128,0.0735439468425439,9.91985378288659,4.63215285731798,0.00134277901878477,0.00174386646626079,-0.04,0.00102726016054078,0.000325945343808698,-0.000939596624524697,0.00174934071435651,0.00185436463088973,0.00157402596888723,0.00185093652424495,9.8028644048398e-05
2019-01-01,20443.4354435587,102.87,2.58,0.189471360580915,1.82969795010716,-0.0540896,-0.05823863,0.03329412,0.0194390992608443,9.92541710473279,4.63346605514294,0.00556332184620167,0.00131319782496053,-0.0800000000000001,0.00134277901878477,0.00102726016054078,0.000325945343808698,-0.000939596624524697,0.00174386646626079,0.00185436463088973,0.00157402596888723,0.00185093652424495
2019-02-01,20392.2542358043,102.963,2.55,0.0797119468829584,1.6480235672739,0,0,0,0,9.92291041340685,4.63436970039252,-0.00250669132594616,0.000903645249580975,-0.0300000000000002,0.00556332184620167,0.00134277901878477,0.00102726016054078,0.000325945343808698,0.00131319782496053,0.00174386646626079,0.00185436463088973,0.00157402596888723
2019-03-01,20459.2775272277,103.058,2.49,-0.109392675410409,1.67876783167508,-0.0226554,-0.04631341,0.01353779,-0.0111887359017238,9.92619172740746,4.63529193654061,0.00328131400060805,0.000922236148094058,-0.0599999999999996,-0.00250669132594616,0.00556332184620167,0.00134277901878477,0.00102726016054078,0.000903645249580975,0.00131319782496053,0.00174386646626079,0.00185436463088973
2019-04-01,20529.2562262577,103.265,2.42,0.00984839280021443,1.57872285329213,0,0,0,0,9.92960628072825,4.63729849973961,0.00341455332078944,0.00200656319900006,-0.0700000000000003,0.00328131400060805,-0.00250669132594616,0.00556332184620167,0.00134277901878477,0.000922236148094058,0.000903645249580975,0.00131319782496053,0.00174386646626079
2019-05-01,20575.4667630601,103.371,2.34,-0.0036825871088546,1.81636627536357,0.0406881,-0.03570942,-0.01148932,-0.0255740026202084,9.9318547112204,4.63832445852025,0.00224843049215018,0.00102595878063649,-0.0800000000000001,0.00341455332078944,0.00328131400060805,-0.00250669132594616,0.00556332184620167,0.00200656319900006,0.000922236148094058,0.000903645249580975,0.00131319782496053
2019-06-01,20702.159857726,103.56,2,0.0234017248390141,1.68968101476848,-0.0511383,-0.04819454,-0.02008167,-0.0343626566329875,9.93799331476327,4.64015115488334,0.00613860354287254,0.00182669636308663,-0.34,0.00224843049215018,0.00341455332078944,0.00328131400060805,-0.00250669132594616,0.00102595878063649,0.00200656319900006,0.000922236148094058,0.000903645249580975
2019-07-01,20812.694791368,103.678,1.96,-0.0312372991937357,1.63070979813487,0.0572017,0.0321365,0.01587817,0.0173311462209688,9.94331840602401,4.64128994229445,0.0053250912607421,0.00113878741111417,-0.04,0.00613860354287254,0.00224843049215018,0.00341455332078944,0.00328131400060805,0.00182669636308663,0.00102595878063649,0.00200656319900006,0.000922236148094058
2019-08-01,20839.7599201228,103.797,1.77,-0.144702538017767,1.80824176183891,0,0,0,0,9.94461797565329,4.64243706858002,0.00129956962927658,0.00114712628557001,-0.19,0.0053250912607421,0.00613860354287254,0.00224843049215018,0.00341455332078944,0.00113878741111417,0.00182669636308663,0.00102595878063649,0.00200656319900006
2019-09-01,20877.5363968663,103.873,1.8,-0.223383722974058,1.7276841028589,0.0373536,0.03783711,-0.00635194,0.0622219584218604,9.94642904637954,4.6431689990793,0.00181107072624975,0.000731930499282107,0.03,0.00129956962927658,0.0053250912607421,0.00613860354287254,0.00224843049215018,0.00114712628557001,0.00113878741111417,0.00182669636308663,0.00102595878063649
2019-10-01,20898.5571542867,104.028,1.61,-0.219047411553452,1.7055084869357,0.02513,-0.01484954,0.02645689,0.0571210186312079,9.94743539988977,4.6446600936745,0.00100635351023115,0.00149109459520069,-0.19,0.00181107072624975,0.00129956962927658,0.0053250912607421,0.00613860354287254,0.000731930499282107,0.00114712628557001,0.00113878741111417,0.00182669636308663
2019-11-01,21027.9726855063,104.092,1.57,-0.163794655551583,1.6393877480466,0,0,0,0,9.95360886298026,4.6452751234844,0.00617346309049438,0.000615029809892143,-0.04,0.00100635351023115,0.00181107072624975,0.00129956962927658,0.0053250912607421,0.00149109459520069,0.000731930499282107,0.00114712628557001,0.00113878741111417
2019-12-01,21030.032800119,104.322,1.55,-0.274976883071906,1.48770080461116,-0.003236,-0.01172623,0.0081055,0.0241562602296699,9.95370682837784,4.64748226977371,9.79653975772266e-05,0.00220714628931162,-0.02,0.00617346309049438,0.00100635351023115,0.00181107072624975,0.00129956962927658,0.000615029809892143,0.00149109459520069,0.000731930499282107,0.00114712628557001
2020-01-01,21014.4372686185,104.507,1.53,-0.235619005509166,1.66492389065994,0.0027958,0.00277641,0.00612034,0.0313352017946526,9.9529649694751,4.64925405480736,-0.000741858902740589,0.00177178503365294,-0.02,9.79653975772266e-05,0.00617346309049438,0.00100635351023115,0.00181107072624975,0.00220714628931162,0.000615029809892143,0.00149109459520069,0.000731930499282107
2020-02-01,21057.592301776,104.711,1.41,-0.145321063914177,1.98519789393256,0,0,0,0,9.95501645350063,4.65120417444,0.00205148402553057,0.00195011963263614,-0.12,-0.000741858902740589,9.79653975772266e-05,0.00617346309049438,0.00100635351023115,0.00177178503365294,0.00220714628931162,0.000615029809892143,0.00149109459520069
2020-03-01,20056.5459899337,104.632,0.33,1.19797026602795,3.82160155947607,0,0,0,-0.377955421597166,9.90631086273911,4.65044943218685,-0.0487055907615215,-0.000754742253144869,-1.08,0.00205148402553057,-0.000741858902740589,9.79653975772266e-05,0.00617346309049438,0.00195011963263614,0.00177178503365294,0.00220714628931162,0.000615029809892143
2020-04-01,18246.8944712899,104.293,0.18,0.655704276887612,2.88522026898632,-0.0394143,0.00405068,-0.01827923,0.0977943626255783,9.81175017857405,4.64720424566052,-0.0945606841650584,-0.00324518652633632,-0.15,-0.0487055907615215,0.00205148402553057,-0.000741858902740589,9.79653975772266e-05,-0.000754742253144869,0.00195011963263614,0.00177178503365294,0.00220714628931162
2020-05-01,19040.7551670114,104.402,0.16,0.411604078966654,2.52324865913545,0,0,0,0,9.85433696969179,4.64824883235317,0.0425867911177367,0.00104458669265117,-0.02,-0.0945606841650584,-0.0487055907615215,0.00205148402553057,-0.000741858902740589,-0.00324518652633632,-0.000754742253144869,0.00195011963263614,0.00177178503365294
2020-06-01,19948.804483778,104.565,0.18,0.0576884357488097,2.32720257004988,0.002327,-0.03618637,0.03390716,-0.0231286283840826,9.90092449489723,4.64980888760647,0.0465875252054477,0.00156005525330549,0.02,0.0425867911177367,-0.0945606841650584,-0.0487055907615215,0.00205148402553057,0.00104458669265117,-0.00324518652633632,-0.000754742253144869,0.00195011963263614
2020-07-01,20378.8707305224,104.937,0.15,-0.156265552595476,2.03465709328194,-0.0299658,-0.0061501,0.0020033,0.0156142768497432,9.92225389457036,4.65336017008549,0.0213293996731245,0.0035512824790187,-0.03,0.0465875252054477,0.0425867911177367,-0.0945606841650584,-0.0487055907615215,0.00156005525330549,0.00104458669265117,-0.00324518652633632,-0.000754742253144869
2020-08-01,20538.2263637239,105.243,0.13,-0.280641886455623,1.938950496784,0,0,0,0.018323456522269,9.9300431293999,4.65627196203718,0.00778923482954319,0.00291179195168478,-0.02,0.0213293996731245,0.0465875252054477,0.0425867911177367,-0.0945606841650584,0.0035512824790187,0.00156005525330549,0.00104458669265117,-0.00324518652633632
2020-09-01,20763.7597499005,105.41,0.13,0.00469593718960359,2.05478791038247,-0.0131933,-0.02449582,0.02354933,0.0172559640604149,9.94096442636874,4.6578575082671,0.0109212969688404,0.00158554622992213,0,0.00778923482954319,0.0213293996731245,0.0465875252054477,0.0425867911177367,0.00291179195168478,0.0035512824790187,0.00156005525330549,0.00104458669265117
2020-10-01,20869.2032011976,105.507,0.13,-0.204235467946646,1.9313057458512,0,0,0,0,9.94602982019519,4.65877730142591,0.00506539382644533,0.000919793158812965,0,0.0109212969688404,0.00778923482954319,0.0213293996731245,0.0465875252054477,0.00158554622992213,0.00291179195168478,0.0035512824790187,0.00156005525330549
2020-11-01,20683.635875831,105.605,0.12,-0.461481814722808,1.67353738774068,0.0158562,-0.00257011,0.00146343,0.0335539917624543,9.93709812921452,4.65970571863611,-0.00893169098066515,0.000928417210194432,-0.01,0.00506539382644533,0.0109212969688404,0.00778923482954319,0.0213293996731245,0.000919793158812965,0.00158554622992213,0.00291179195168478,0.0035512824790187
2020-12-01,20826.6715956937,105.896,0.1,-0.493424728076543,1.48962975378464,-0.0069948,0.00973279,-0.0094732,0.0161569966696039,9.94398973251446,4.66245748041147,0.00689160329993932,0.00275176177536451,-0.02,-0.00893169098066515,0.00506539382644533,0.0109212969688404,0.00778923482954319,0.000928417210194432,0.000919793158812965,0.00158554622992213,0.00291179195168478
2021-01-01,21108.7861982418,106.281,0.1,-0.647608054976324,1.44857675891625,0,0.0210899,-0.01930692,0.0172224819544263,9.95744464029023,4.66608652995536,0.0134549077757651,0.00362904954389442,0,0.00689160329993932,-0.00893169098066515,0.00506539382644533,0.0109212969688404,0.00275176177536451,0.000928417210194432,0.000919793158812965,0.00158554622992213
2021-02-01,20836.3697479449,106.501,0.07,-0.944269550063237,1.39305435254152,0,0,0,0,9.94445528433755,4.66815437477676,-0.0129893559526817,0.00206784482139444,-0.03,0.0134549077757651,0.00689160329993932,-0.00893169098066515,0.00506539382644533,0.00362904954389442,0.00275176177536451,0.000928417210194432,0.000919793158812965
2021-03-01,21305.3718155774,106.933,0.08,-0.740825777916474,1.33106984998431,0,-0.03571443,0.02755048,0.00309907680712388,9.9667145178154,4.67220247011241,0.0222592334778557,0.00404809533565054,0.01,-0.0129893559526817,0.0134549077757651,0.00689160329993932,-0.00893169098066515,0.00206784482139444,0.00362904954389442,0.00275176177536451,0.000928417210194432
2021-04-01,21404.2472211421,107.558,0.06,-0.482830737965128,1.26933647900185,0,-0.00565549,0.00115184,0.0164303492518801,9.97134464959539,4.67803023695482,0.00463013177998661,0.00582776684241537,-0.02,0.0222592334778557,-0.0129893559526817,0.0134549077757651,0.00689160329993932,0.00404809533565054,0.00206784482139444,0.00362904954389442,0.00275176177536451
2021-05-01,21443.0404995089,108.099,0.05,-0.418763373435248,1.26157635112144,0,0,0,0,9.9731554194728,4.68304747390857,0.00181076987741413,0.00501723695374867,-0.01,0.00463013177998661,0.0222592334778557,-0.0129893559526817,0.0134549077757651,0.00582776684241537,0.00404809533565054,0.00206784482139444,0.00362904954389442
2021-08-01,21584.1685242752,109.409,0.07,-0.476630874991348,1.24501719765524,0,0,0,0,9.97971538625041,4.69509315351456,0.00655996677761195,0.0120456796059916,0.02,0.00181076987741413,0.00463013177998661,0.0222592334778557,-0.0129893559526817,0.00501723695374867,0.00582776684241537,0.00404809533565054,0.00206784482139444
2021-09-01,21699.7804961618,109.641,0.08,-0.645362776016806,1.19148855419554,0,-0.02207027,0.02207027,-0.0229857198958515,9.98505742409314,4.69721139215184,0.00534203784272691,0.00211823863727378,0.01,0.00655996677761195,0.00181076987741413,0.00463013177998661,0.0222592334778557,0.0120456796059916,0.00501723695374867,0.00582776684241537,0.00404809533565054
2021-10-01,21942.0712496575,110.188,0.11,-0.526416864863888,1.18496605419295,0,0,0,0,9.99616113455371,4.70218799786759,0.0111037104605707,0.00497660571575143,0.03,0.00534203784272691,0.00655996677761195,0.00181076987741413,0.00463013177998661,0.00211823863727378,0.0120456796059916,0.00501723695374867,0.00582776684241537
2021-11-01,21919.4523210814,110.77,0.18,-0.450947882409971,1.33394316428238,0,-0.01084204,0.01680361,-0.0240086379606343,9.99512975539769,4.70745597952884,-0.00103137915602503,0.00526798166125175,0.07,0.0111037104605707,0.00534203784272691,0.00655996677761195,0.00181076987741413,0.00497660571575143,0.00211823863727378,0.0120456796059916,0.00501723695374867
2021-12-01,22108.7465883126,111.418,0.3,-0.446463371823406,1.24777121345471,0,-0.01892616,0.05444743,0.0427353191316735,10.0037285824351,4.71328889433284,0.00859882703740666,0.00583291480399772,0.12,-0.00103137915602503,0.0111037104605707,0.00534203784272691,0.00655996677761195,0.00526798166125175,0.00497660571575143,0.00211823863727378,0.0120456796059916
2022-01-01,21907.6335151733,111.976,0.55,-0.351762719406,1.36256047693483,0,0.00874257,-0.0167006,-0.0177315982737031,9.99459041740753,4.71828456261834,-0.00913816502755971,0.00499566828550524,0.25,0.00859882703740666,-0.00103137915602503,0.0111037104605707,0.00534203784272691,0.00583291480399772,0.00526798166125175,0.00497660571575143,0.00211823863727378
2022-02-01,21871.9353334754,112.468,1,-0.21712204273607,1.52544509888412,0,0,0,0,9.9929596023699,4.72266873673804,-0.00163081503762896,0.00438417411969194,0.45,-0.00913816502755971,0.00859882703740666,-0.00103137915602503,0.0111037104605707,0.00499566828550524,0.00583291480399772,0.00526798166125175,0.00497660571575143
2022-03-01,22022.6045129758,112.914,1.34,-0.859193350058098,1.41867000169492,0,0.09337312,0.00493944,0.102086735988679,9.9998246827089,4.72662646701077,0.00686508033900068,0.00395773027273449,0.34,-0.00163081503762896,-0.00913816502755971,0.00859882703740666,-0.00103137915602503,0.00438417411969194,0.00499566828550524,0.00583291480399772,0.00526798166125175
2022-04-01,21995.9736887541,113.307,1.89,-0.323585537891152,1.59318823698118,0,0,0,0,9.99861470144378,4.73010094900279,-0.00120998126512539,0.00347448199202294,0.55,0.00686508033900068,-0.00163081503762896,-0.00913816502755971,0.00859882703740666,0.00395773027273449,0.00438417411969194,0.00499566828550524,0.00583291480399772
2022-05-01,21969.9790399687,113.703,2.06,-0.127652180420233,1.58521500580808,0,-0.00708619,-0.0247876,-0.0460300384313185,9.99743221134856,4.73358978563268,-0.00118249009522309,0.00348883662988708,0.17,-0.00120998126512539,0.00686508033900068,-0.00163081503762896,-0.00913816502755971,0.00347448199202294,0.00395773027273449,0.00438417411969194,0.00499566828550524
2022-06-01,21939.3832031479,114.376,2.65,0.0669855672940851,1.94265050730179,0,0.04562897,0.03077943,0.0884247690935251,9.99603862054197,4.73949126672686,-0.0013935908065843,0.00590148109418198,0.59,-0.00118249009522309,-0.00120998126512539,0.00686508033900068,-0.00163081503762896,0.00348883662988708,0.00347448199202294,0.00395773027273449,0.00438417411969194
2022-07-01,22021.0734016874,114.628,3.02,0.00846050512875939,1.72524151952775,0,-0.00587286,0.00013722,0.00240416409684654,9.99975515575923,4.74169210253512,0.00371653521725435,0.00220083580825836,0.37,-0.0013935908065843,-0.00118249009522309,-0.00120998126512539,0.00686508033900068,0.00590148109418198,0.00348883662988708,0.00347448199202294,0.00395773027273449
2022-08-01,22210.8790691075,115.276,3.28,-0.0350388170944678,1.71929983431722,0,0,0,0,10.008337495984,4.74732925296297,0.00858234022475557,0.00563715042784985,0.26,0.00371653521725435,-0.0013935908065843,-0.00118249009522309,-0.00120998126512539,0.00220083580825836,0.00590148109418198,0.00348883662988708,0.00347448199202294
2022-09-01,22149.2657042918,115.788,3.89,0.0203017034791642,1.87923814574611,0,0.12578561,-0.03414209,0.108352811791073,10.005559623876,4.75176093282625,-0.0027778721079823,0.00443167986327619,0.61,0.00858234022475557,0.00371653521725435,-0.0013935908065843,-0.00118249009522309,0.00563715042784985,0.00220083580825836,0.00590148109418198,0.00348883662988708
2022-10-01,22244.8374653617,116.204,4.43,0.0985187896466844,1.68296833673187,0,0,0,0,10.009865236644,4.75534726723326,0.00430561276795949,0.00358633440700906,0.54,-0.0027778721079823,0.00858234022475557,0.00371653521725435,-0.0013935908065843,0.00443167986327619,0.00563715042784985,0.00220083580825836,0.00590148109418198
2022-11-01,22287.2283802598,116.539,4.73,-0.224493255932382,1.57784431484673,0,-0.07990243,0.00337991,-0.0807426219934717,10.0117690750084,4.7582259809333,0.00190383836443786,0.00287871370004833,0.300000000000001,0.00430561276795949,-0.0027778721079823,0.00858234022475557,0.00371653521725435,0.00358633440700906,0.00443167986327619,0.00563715042784985,0.00220083580825836
2022-12-01,22307.2039967988,116.952,4.68,-0.00755106372785863,1.52404054947811,0,0.11144638,-0.0239868,0.0836348960850402,10.0126649544629,4.76176359420931,0.0008958794544629,0.0035376132760101,-0.0500000000000007,0.00190383836443786,0.00430561276795949,-0.0027778721079823,0.00858234022475557,0.00287871370004833,0.00358633440700906,0.00443167986327619,0.00563715042784985
2023-01-01,22430.8084776071,117.505,4.69,-0.0185337484620764,1.42202228514606,0,0,0,0,10.0181906713411,4.76648088587034,0.00552571687827275,0.00471729166102719,0.0100000000000007,0.0008958794544629,0.00190383836443786,0.00430561276795949,-0.0027778721079823,0.0035376132760101,0.00287871370004833,0.00358633440700906,0.00443167986327619
2023-02-01,22365.174865653,117.929,4.93,-0.145764517228616,1.49051777445792,0,-0.00294462,0.01331488,0.00257950638630222,10.0152603345555,4.77008274845938,-0.00293033678563503,0.00360186258903816,0.239999999999999,0.00552571687827275,0.0008958794544629,0.00190383836443786,0.00430561276795949,0.00471729166102719,0.0035376132760101,0.00287871370004833,0.00358633440700906
2023-03-01,22526.9165409779,118.315,4.68,-0.177338267273106,1.53601627139382,0,-0.03080003,0.00292668,-0.0537186443144003,10.0224661639171,4.77335055922701,0.00720582936157577,0.00326781076763449,-0.25,-0.00293033678563503,0.00552571687827275,0.0008958794544629,0.00190383836443786,0.00360186258903816,0.00471729166102719,0.0035376132760101,0.00287871370004833
2023-04-01,22530.4547258428,118.734,4.68,0.207238736160031,1.54385236236576,0,0,0,0,10.0226232163492,4.77688569699482,0.00015705243216324,0.00353513776780723,0,0.00720582936157577,-0.00293033678563503,0.00552571687827275,0.0008958794544629,0.00326781076763449,0.00360186258903816,0.00471729166102719,0.0035376132760101
2023-05-01,22573.4478733032,119.083,4.91,0.155877616179653,1.57635039078149,0,0.00227003,0.0162348,0.0543576778255173,10.0245296216935,4.7798207289777,0.00190640534428255,0.00293503198287581,0.23,0.00015705243216324,0.00720582936157577,-0.00293033678563503,0.00552571687827275,0.00353513776780723,0.00326781076763449,0.00360186258903816,0.00471729166102719
2023-06-01,22641.6532028859,119.39,5.24,0.195339418281797,1.4186196659868,0,0.06760967,-0.01510254,0.096742624455839,10.0275465509801,4.7823954453573,0.00301692928655584,0.00257471637959927,0.33,0.00190640534428255,0.00015705243216324,0.00720582936157577,-0.00293033678563503,0.00293503198287581,0.00353513776780723,0.00326781076763449,0.00360186258903816
2023-07-01,22738.2108230475,119.556,5.37,0.0342485468195786,1.31159129981452,0,-0.00328235,0.0072545,0.00530522139198271,10.0318020844839,4.78378488085072,0.00425553350377683,0.0013894354934223,0.13,0.00301692928655584,0.00190640534428255,0.00015705243216324,0.00720582936157577,0.00257471637959927,0.00293503198287581,0.00353513776780723,0.00326781076763449
2023-08-01,22866.0408562547,119.689,5.37,0.0898395610757745,1.34688241311083,0,0,0,0,10.0374081568691,4.78489671193351,0.00560607238523758,0.00111183108278823,0,0.00425553350377683,0.00301692928655584,0.00190640534428255,0.00015705243216324,0.0013894354934223,0.00257471637959927,0.00293503198287581,0.00353513776780723
2023-09-01,22922.8364510783,120.058,5.44,0.00603189863243591,1.33582223911349,0,0.03574754,0.01557634,0.0924360088630354,10.0398889175818,4.78797495934745,0.00248076071268954,0.00307824741394036,0.0700000000000003,0.00560607238523758,0.00425553350377683,0.00301692928655584,0.00190640534428255,0.00111183108278823,0.0013894354934223,0.00257471637959927,0.00293503198287581
2023-10-01,22863.8205421327,120.241,5.42,0.242305101063632,1.4308588258293,0,0,0,0,10.0373110512118,4.78949806211007,-0.00257786636994872,0.00152310276262124,-0.0200000000000005,0.00248076071268954,0.00560607238523758,0.00425553350377683,0.00301692928655584,0.00307824741394036,0.00111183108278823,0.0013894354934223,0.00257471637959927
2023-11-01,22996.9612814404,120.374,5.28,-0.0643681355095898,1.19584684930438,0,-0.00769011,-0.00620089,0.0280822723317221,10.0431173679847,4.79060356271099,0.00580631677283527,0.00110550060092063,-0.14,-0.00257786636994872,0.00248076071268954,0.00560607238523758,0.00425553350377683,0.00152310276262124,0.00307824741394036,0.00111183108278823,0.0013894354934223
2023-12-01,23244.5235290566,120.592,4.96,-0.211291160382224,1.14536750485742,0,-0.06499937,0.0133351,-0.0435060984544674,10.0538248361326,4.79241294710111,0.0107074681479027,0.0018093843901239,-0.32,0.00580631677283527,-0.00257786636994872,0.00248076071268954,0.00560607238523758,0.00110550060092063,0.00152310276262124,0.00307824741394036,0.00111183108278823
2024-01-01,22923.3702605775,121.217,4.79,-0.0500517190209648,1.10577527373444,0,0.02877122,-0.00741819,0,10.0399122045465,4.79758232782554,-0.0139126315860647,0.00516938072442397,-0.17,0.0107074681479027,0.00580631677283527,-0.00257786636994872,0.00248076071268954,0.0018093843901239,0.00110550060092063,0.00152310276262124,0.00307824741394036
2024-02-01,23171.0250510526,121.537,4.92,-0.114881014976489,1.10719800827251,0,0,0,0,10.0506578568903,4.80021874317072,0.0107456523438341,0.00263641534517767,0.13,-0.0139126315860647,0.0107074681479027,0.00580631677283527,-0.00257786636994872,0.00516938072442397,0.0018093843901239,0.00110550060092063,0.00152310276262124
2024-03-01,23156.0655418563,122.009,4.99,-0.0726924096743176,1.0567536597218,0,0,0,0,10.050012035643,4.80409481250415,-0.000645821247344358,0.00387606933343587,0.0700000000000003,0.0107456523438341,-0.0139126315860647,0.0107074681479027,0.00580631677283527,0.00263641534517767,0.00516938072442397,0.0018093843901239,0.00110550060092063
2024-04-01,23217.8860154994,122.304,5.14,-0.186259979653688,1.02017046901721,0,0,0,0,10.0526782095699,4.80650974861781,0.00266617392686364,0.00241493611365673,0.149999999999999,-0.000645821247344358,0.0107456523438341,-0.0139126315860647,0.0107074681479027,0.00387606933343587,0.00263641534517767,0.00516938072442397,0.0018093843901239
2024-05-01,23316.6195885574,122.383,5.16,-0.113654974470575,0.987913837764799,0,0,0,0,10.056921672348,4.80715547154338,0.004243462778172,0.000645722925574077,0.0200000000000005,0.00266617392686364,-0.000645821247344358,0.0107456523438341,-0.0139126315860647,0.00241493611365673,0.00387606933343587,0.00263641534517767,0.00516938072442397
2024-06-01,23329.1736446457,122.677,5.11,-0.00744020419786939,1.09831672483314,0,0,0,0,10.0574599440987,4.80955488508334,0.000538271750622599,0.00239941353995743,-0.0499999999999998,0.004243462778172,0.00266617392686364,-0.000645821247344358,0.0107456523438341,0.000645722925574077,0.00241493611365673,0.00387606933343587,0.00263641534517767
2024-07-01,23476.6393521582,122.911,4.9,-0.0696381883851933,1.07468060220538,0,0,0,0,10.0637611355959,4.81146051622829,0.00630119149728614,0.00190563114494946,-0.21,0.000538271750622599,0.004243462778172,0.00266617392686364,-0.000645821247344358,0.00239941353995743,0.000645722925574077,0.00241493611365673,0.00387606933343587
2024-08-01,23488.1935425973,123.128,4.43,-0.0176842029120807,1.09786255285036,0,0,0,0,10.0642531714432,4.81322446467765,0.000492035847251771,0.00176394844936389,-0.470000000000001,0.00630119149728614,0.000538271750622599,0.004243462778172,0.00266617392686364,0.00190563114494946,0.00239941353995743,0.000645722925574077,0.00241493611365673
2024-09-01,23475.1493907185,123.466,4.03,-0.0761103376139147,1.052866624625,0,0,0,0,10.0636976678781,4.8159658145213,-0.000555503565101034,0.00274134984364949,-0.399999999999999,0.000492035847251771,0.00630119149728614,0.000538271750622599,0.004243462778172,0.00176394844936389,0.00190563114494946,0.00239941353995743,0.000645722925574077
2024-10-01,23573.7197942655,123.832,4.2,-0.344291845389011,0.986342794813057,0,0,0,0,10.0678878024965,4.81892580827158,0.00419013461845452,0.00295999375027378,0.17,-0.000555503565101034,0.000492035847251771,0.00630119149728614,0.000538271750622599,0.00274134984364949,0.00176394844936389,0.00190563114494946,0.00239941353995743
2024-11-01,23627.2760766694,123.962,4.33,-0.206703420933635,0.951223994652854,0,0,0,0,10.070157089591,4.81997506702624,0.00226928709442475,0.00104925875466666,0.13,0.00419013461845452,-0.000555503565101034,0.000492035847251771,0.00630119149728614,0.00295999375027378,0.00274134984364949,0.00176394844936389,0.00190563114494946
2024-12-01,23563.0282131862,124.196,4.23,-0.44362051063336,0.93740643543808,0,0,0,0,10.0674341614749,4.82186096286159,-0.00272292811611585,0.00188589583534515,-0.0999999999999996,0.00226928709442475,0.00419013461845452,-0.000555503565101034,0.000492035847251771,0.00104925875466666,0.00295999375027378,0.00274134984364949,0.00176394844936389
2025-01-01,23549.7673348061,124.587,4.18,-0.280559292785714,0.898330335062324,0,0,0,0,10.0668712197697,4.82500426704182,-0.000562941705160469,0.00314330418022912,-0.0500000000000007,-0.00272292811611585,0.00226928709442475,0.00419013461845452,-0.000555503565101034,0.00188589583534515,0.00104925875466666,0.00295999375027378,0.00274134984364949
2025-02-01,23512.0515842664,125.145,4.19,-0.234531048456756,0.996566674603938,0,0,0,0,10.0652684020512,4.82947306502215,-0.00160281771849569,0.00446879798033084,0.0100000000000007,-0.000562941705160469,-0.00272292811611585,0.00226928709442475,0.00419013461845452,0.00314330418022912,0.00188589583534515,0.00104925875466666,0.00295999375027378
2025-03-01,23587.053271133,125.267,4.06,-0.0149169215459584,1.11990877501604,0,0,0,0,10.0684532502768,4.8304474592976,0.00318484822561516,0.000974394275455204,-0.130000000000001,-0.00160281771849569,-0.000562941705160469,-0.00272292811611585,0.00226928709442475,0.00446879798033084,0.00314330418022912,0.00188589583534515,0.00104925875466666
2025-04-01,23765.1251911567,125.502,3.95,-0.0704105801887802,1.26116157639358,0,0,0,0,10.0759744569137,4.83232169469984,0.00752120663693923,0.00187423540223453,-0.109999999999999,0.00318484822561516,-0.00160281771849569,-0.000562941705160469,-0.00272292811611585,0.000974394275455204,0.00446879798033084,0.00314330418022912,0.00188589583534515
2025-05-01,23665.4505714321,125.79,4.09,-0.183617918759031,1.0197166520382,0,0,0,0,10.0717714817294,4.83461384985078,-0.00420297518431134,0.00229215515094339,0.14,0.00752120663693923,0.00318484822561516,-0.00160281771849569,-0.000562941705160469,0.00187423540223453,0.000974394275455204,0.00446879798033084,0.00314330418022912
2025-06-01,23886.3868573451,126.121,4.06,-0.198278981352787,0.984362634736454,0,0,0,0,10.0810639880842,4.83724176360198,0.00929250635476464,0.0026279137511942,-0.0300000000000002,-0.00420297518431134,0.00752120663693923,0.00318484822561516,-0.00160281771849569,0.00229215515094339,0.00187423540223453,0.000974394275455204,0.00446879798033084
2025-07-01,23984.7399292543,126.43,4.08,-0.218703581110052,0.918661252250962,0,0,0,0,10.0851730708194,4.83968879532381,0.00410908273519084,0.00244703172183147,0.0200000000000005,0.00929250635476464,-0.00420297518431134,0.00752120663693923,0.00318484822561516,0.0026279137511942,0.00229215515094339,0.00187423540223453,0.000974394275455204
2025-08-01,24003.7804315577,126.714,3.89,-0.167239255960758,0.933405343767023,0,0,0,0,10.085966614907,4.84193257846029,0.00079354408760679,0.00224378313648543,-0.19,0.00410908273519084,0.00929250635476464,-0.00420297518431134,0.00752120663693923,0.00244703172183147,0.0026279137511942,0.00229215515094339,0.00187423540223453
2025-09-01,24091.7946049116,126.954,3.66,-0.299930388792049,0.884965154540911,0,0,0,0,10.0896265886795,4.84382481612221,0.00365997377246785,0.00189223766191482,-0.23,0.00079354408760679,0.00410908273519084,0.00929250635476464,-0.00420297518431134,0.00224378313648543,0.00244703172183147,0.0026279137511942,0.00229215515094339
2025-10-01,24220.859784581,127.243,3.61,-0.267161304805849,0.930684235564888,0,0,0,0,10.0949695154275,4.84609864409435,0.00534292674803538,0.00227382797214659,-0.0500000000000003,0.00365997377246785,0.00079354408760679,0.00410908273519084,0.00929250635476464,0.00189223766191482,0.00224378313648543,0.00244703172183147,0.0026279137511942
2025-11-01,23981.5428689615,127.469,3.66,-0.213311425934379,0.93547205685647,0,0,0,0,10.085039766335,4.84787319778092,-0.00992974909246946,0.00177455368657142,0.0500000000000003,0.00534292674803538,0.00365997377246785,0.00079354408760679,0.00410908273519084,0.00227382797214659,0.00189223766191482,0.00224378313648543,0.00244703172183147
2025-12-01,23964.1075265777,127.886,3.54,-0.222272793704302,0.90035951194048,0,0,0,0,10.0843124701983,4.85113924207753,-0.000727296136709299,0.0032660442966046,-0.12,-0.00992974909246946,0.00534292674803538,0.00365997377246785,0.00079354408760679,0.00177455368657142,0.00227382797214659,0.00189223766191482,0.00224378313648543
2026-01-01,24076.8214643387,128.388,3.51,-0.272490588565267,0.847455126251245,0,0,0,0,10.0890048917209,4.85505692894447,0.00469242152254346,0.00391768686694061,-0.0300000000000002,-0.000727296136709299,-0.00992974909246946,0.00534292674803538,0.00365997377246785,0.0032660442966046,0.00177455368657142,0.00227382797214659,0.00189223766191482
NA,21479.4699550128,NA,NA,NA,NA,0,0,0,0,9.97485287210851,NA,-0.114152019612362,NA,NA,0.00469242152254346,-0.000727296136709299,-0.00992974909246946,0.00534292674803538,0.00391768686694061,0.0032660442966046,0.00177455368657142,0.00227382797214659
NA,21573.3619576685,NA,NA,NA,NA,0,0,0,0,9.97921458990216,NA,0.00436171779365147,NA,NA,-0.114152019612362,0.00469242152254346,-0.000727296136709299,-0.00992974909246946,NA,0.00391768686694061,0.0032660442966046,0.00177455368657142
